A422526_1,Randee,Austin (TX),Owner Surrender,Normal,Dog,13.0,male,true,yellow,tan,false,pekingese,10/21/2013,11:03:00,AM,Oct,Mon,Transfer,Partner,13.0,true,yellow,tan,pekingese
A494120_1,Chino,Austin (TX),Owner Surrender,Normal,Dog,8.0,male,true,white,unknown,true,west highland,04/11/2016,05:49:00,AM,Apr,Mon,Adoption,Foster,9.0,true,white,unknown,west highland
A494120_2,Chino,Walton Ln And Bolm Rd in Austin (TX),Stray,Normal,Dog,8.0,male,false,white,unknown,true,west highland,04/02/2016,03:57:00,AM,Apr,Sat,Adoption,unknown,8.0,true,white,unknown,west highland
A518184_1,Bronson,Shady And Airport Blvd in Austin (TX),Stray,Normal,Dog,6.0,male,true,brown,white,false,plott hound,03/12/2015,12:17:00,PM,Mar,Thu,Return to Owner,unknown,6.0,true,brown,white,plott hound
A528321_1,Kuma,Austin (TX),Owner Surrender,Normal,Dog,5.0,female,true,white,unknown,false,akita,04/26/2014,05:07:00,AM,Apr,Sat,Adoption,unknown,6.0,true,white,unknown,akita
A550870_1,Melanie,909 Kavanagh in Austin (TX),Stray,Normal,Dog,7.0,female,true,brown,unknown,true,vizsla,04/23/2014,04:30:00,AM,Apr,Wed,Adoption,unknown,7.0,true,brown,unknown,vizsla
A563632_1,Butters,Austin (TX),Public Assist,Normal,Cat,4.0,female,false,brown,white,true,domestic longhair,11/09/2013,04:38:00,AM,Nov,Sat,Return to Owner,unknown,4.0,true,brown,white,domestic longhair
A570086_1,Rocky,12034 Research Blvd in Austin (TX),Stray,Normal,Dog,8.0,male,true,black,white,false,siberian husky,05/03/2014,07:38:00,AM,May,Sat,Return to Owner,unknown,8.0,true,black,white,siberian husky
A575803_1,Scherbert,Ih 35 And 41St St in Austin (TX),Stray,Normal,Dog,7.0,male,true,gray,white,true,miniature poodle,11/14/2014,03:11:00,AM,Nov,Fri,Return to Owner,unknown,7.0,true,gray,white,miniature poodle
A591420_1,Bella,Austin (TX),Owner Surrender,Normal,Cat,6.0,female,true,black,unknown,true,domestic longhair,10/03/2014,05:18:00,AM,Oct,Fri,Adoption,unknown,6.0,true,black,unknown,domestic longhair
A591420_2,Bella,Manor (TX),Owner Surrender,Normal,Cat,8.0,female,true,black,unknown,true,domestic longhair,01/25/2017,10:21:00,AM,Jan,Wed,Adoption,unknown,8.0,true,black,unknown,domestic longhair
A645882_1,King,2705 Del Rio Dr in Travis (TX),Owner Surrender,Normal,Dog,5.0,male,true,black,brown,true,labrador retriever,07/09/2015,01:41:00,AM,Jul,Thu,Return to Owner,unknown,5.0,true,black,brown,labrador retriever
A645882_2,King,5501 Spring Meadow in Austin (TX),Stray,Normal,Dog,5.0,male,true,black,brown,true,labrador retriever,03/16/2015,02:42:00,AM,Mar,Mon,Transfer,Partner,5.0,true,black,brown,labrador retriever
A652148_1,Rocky,Austin (TX),Owner Surrender,Sick,Cat,2.0,male,true,orange,white,false,domestic shorthair,07/26/2015,04:52:00,AM,Jul,Sun,Transfer,Partner,2.0,true,orange,white,domestic shorthair
A655701_1,*Lissa,1015 E Yager Ln in Austin (TX),Stray,Normal,Dog,4.0,female,true,white,brown,true,bull terrier miniature,10/18/2013,06:19:00,AM,Oct,Fri,Transfer,Partner,4.0,true,white,brown,bull terrier miniature
A657495_1,Spartan,Austin (TX),Public Assist,Normal,Dog,2.0,male,true,buff,white,true,chihuahua shorthair,05/31/2014,12:08:00,PM,May,Sat,Return to Owner,unknown,2.0,true,buff,white,chihuahua shorthair
A660676_1,*Sybil,Woodland /I-35 in Austin (TX),Stray,Normal,Dog,3.0,female,true,sable,unknown,true,german shepherd,01/06/2015,07:42:00,AM,Jan,Tue,Adoption,unknown,3.0,true,sable,unknown,german shepherd
A663170_1,Bandit,7020 Grand Canyon Dr in Austin (TX),Stray,Normal,Dog,10.0,male,true,white,brown,true,shih tzu,02/19/2014,11:29:00,AM,Feb,Wed,Return to Owner,unknown,10.0,true,white,brown,shih tzu
A665003_1,Prof Griffin,14100 Thermal Driver in Austin (TX),Stray,Normal,Dog,1.0,male,false,tricolor,unknown,true,chihuahua shorthair,10/12/2013,12:10:00,PM,Oct,Sat,Adoption,unknown,1.0,true,tricolor,unknown,chihuahua shorthair
A665078_1,unknown,11805 Garden Grove Dr in Austin (TX),Stray,Normal,Cat,4.0,female,false,black,white,true,domestic shorthair,10/13/2013,01:12:00,AM,Oct,Sun,Euthanasia,Suffering,4.0,false,black,white,domestic shorthair
A665223_1,Boss,Austin (TX),Owner Surrender,Normal,Dog,1.0,male,false,gold,buff,false,golden retriever,10/15/2013,12:33:00,PM,Oct,Tue,Transfer,Partner,1.0,false,gold,buff,golden retriever
A665319_1,Oberon,Fairfield Dr/N Lamar Blvd in Austin (TX),Stray,Normal,Dog,1.0,male,false,tan,white,true,anatol shepherd,10/16/2013,01:32:00,AM,Oct,Wed,Adoption,unknown,1.0,true,tan,white,anatol shepherd
A665346_1,Thor,Austin (TX),Public Assist,Normal,Dog,0.25,male,false,tan,unknown,true,pit bull,10/18/2013,12:43:00,PM,Oct,Fri,Return to Owner,unknown,0.25,false,tan,unknown,pit bull
A665472_1,Samson,William Cannon And Manchaca in Austin (TX),Stray,Normal,Cat,0.083333336,male,false,black,smoke,true,domestic longhair,10/18/2013,01:04:00,AM,Oct,Fri,Adoption,unknown,0.16666667,false,black,smoke,domestic longhair
A665638_1,Chuck,Pflugerville (TX),Owner Surrender,Normal,Dog,7.0,female,true,tricolor,unknown,false,basset hound,10/20/2013,04:55:00,AM,Oct,Sun,Adoption,unknown,7.0,true,tricolor,unknown,basset hound
A667401_1,*Posie,William Cannon/ S 1St in Austin (TX),Stray,Normal,Dog,1.0,female,false,tan,unknown,true,chihuahua shorthair,11/17/2013,02:18:00,AM,Nov,Sun,Transfer,Partner,1.0,true,tan,unknown,chihuahua shorthair
A667599_1,Odin,1500 Faro Dr in Austin (TX),Stray,Normal,Dog,1.0,male,true,black,tan,true,german shepherd,11/20/2013,12:14:00,PM,Nov,Wed,Return to Owner,unknown,1.0,true,black,tan,german shepherd
A668086_1,Sugar,Austin (TX),Owner Surrender,Normal,Cat,3.0,female,true,black,white,true,domestic shorthair,11/27/2013,01:00:00,AM,Nov,Wed,Transfer,Partner,3.0,true,black,white,domestic shorthair
A668162_1,unknown,3706 S. 2Nd Street in Austin (TX),Wildlife,Sick,Other,2.0,Unknown,Unknown,gray,black,false,raccoon,11/28/2013,02:39:00,AM,Nov,Thu,Euthanasia,Rabies Risk,2.0,Unknown,gray,black,raccoon
A668331_1,Lulu,13005 Slaton Dr in Austin (TX),Stray,Normal,Dog,0.083333336,female,false,blue,white,true,catahoula,12/02/2013,12:26:00,PM,Dec,Mon,Adoption,Foster,0.16666667,true,blue,white,catahoula
A668526_1,Hansel,1000 E. 41St St. in Austin (TX),Public Assist,Normal,Dog,0.038356163,male,false,white,cream,true,chihuahua shorthair,12/04/2013,08:40:00,AM,Dec,Wed,Adoption,Foster,0.16666667,true,white,cream,chihuahua shorthair
A668648_1,Snoopy,7600 Cognac Cv in Austin (TX),Stray,Normal,Dog,0.5833333,male,false,white,unknown,true,great pyrenees,12/06/2013,02:52:00,AM,Dec,Fri,Return to Owner,unknown,0.6666667,true,white,unknown,great pyrenees
A669913_1,*Firefly,Austin (TX),Owner Surrender,Normal,Cat,0.6666667,female,true,blue,tabby,true,domestic shorthair,12/30/2013,11:09:00,AM,Dec,Mon,Transfer,Partner,0.6666667,true,blue,tabby,domestic shorthair
A670319_1,Rocco,Clawson And Valley Ridge Dr in Austin (TX),Stray,Normal,Dog,3.0,male,true,silver,tan,true,miniature schnauzer,01/05/2014,06:03:00,AM,Jan,Sun,Return to Owner,unknown,3.0,true,silver,tan,miniature schnauzer
A670447_1,Pandita,9345 Hwy 290 in Austin (TX),Owner Surrender,Normal,Dog,0.5,female,false,black,white,true,chihuahua shorthair,01/08/2014,12:56:00,PM,Jan,Wed,Transfer,Partner,0.5,false,black,white,chihuahua shorthair
A670568_1,unknown,Woodland Dr in Austin (TX),Stray,Normal,Dog,1.0,male,false,tricolor,unknown,true,rat terrier,01/10/2014,12:03:00,PM,Jan,Fri,Adoption,unknown,1.0,true,tricolor,unknown,rat terrier
A671675_1,Catman,Austin (TX),Owner Surrender,Normal,Cat,1.0,male,true,blue,tabby,true,domestic shorthair,01/29/2014,12:23:00,PM,Jan,Wed,Adoption,unknown,1.0,true,blue,tabby,domestic shorthair
A672236_1,*Dude,Austin (TX),Owner Surrender,Normal,Dog,0.083333336,male,false,brown,white,true,boxer,02/06/2014,12:04:00,PM,Feb,Thu,Adoption,unknown,0.16666667,true,brown,white,boxer
A672691_1,Jeeves,Austin (TX),Owner Surrender,Normal,Dog,2.0,male,true,tan,unknown,true,labrador retriever,06/14/2014,04:34:00,AM,Jun,Sat,Adoption,unknown,2.0,true,tan,unknown,labrador retriever
A672691_2,Jeeves,10219 Lindshire Ln in Austin (TX),Stray,Normal,Dog,2.0,male,true,tan,unknown,true,labrador retriever,02/15/2014,11:04:00,AM,Feb,Sat,Adoption,unknown,2.0,true,tan,unknown,labrador retriever
A673487_1,unknown,1600 Barton Srings Rd. in Austin (TX),Wildlife,Normal,Other,0.5,Unknown,Unknown,brown,unknown,true,bat,02/24/2014,10:16:00,AM,Feb,Mon,Euthanasia,Rabies Risk,0.5,Unknown,brown,unknown,bat
A673562_1,unknown,Bluff Springs And Quicksilver in Austin (TX),Stray,Normal,Dog,6.0,female,false,white,unknown,true,miniature poodle,02/26/2014,02:05:00,AM,Feb,Wed,Adoption,unknown,6.0,true,white,unknown,miniature poodle
A674020_1,unknown,16320 Castletroy Dr in Austin (TX),Wildlife,Sick,Other,1.0,Unknown,Unknown,black,white,true,skunk,03/06/2014,10:24:00,AM,Mar,Thu,Euthanasia,Suffering,1.0,Unknown,black,white,skunk
A674110_1,Buddy,Austin (TX),Owner Surrender,Normal,Dog,8.0,male,true,yellow,unknown,true,labrador retriever,03/07/2014,02:17:00,AM,Mar,Fri,Adoption,unknown,8.0,true,yellow,unknown,labrador retriever
A674627_1,Gidget,11915 Stonehollow Dr in Austin (TX),Stray,Normal,Dog,1.0,female,false,blue,white,true,american staffordshire terrier,03/16/2014,12:52:00,PM,Mar,Sun,Adoption,unknown,1.0,true,blue,white,american staffordshire terrier
A674787_1,Hercules,1503 Demaret St in Pflugerville (TX),Public Assist,Normal,Dog,0.6666667,male,false,chocolate,brown,true,jack russell terrier,03/20/2014,12:59:00,PM,Mar,Thu,Return to Owner,unknown,0.6666667,true,chocolate,brown,jack russell terrier
A674872_1,Lady,Oliver Loving Trl in Austin (TX),Stray,Normal,Dog,2.0,female,true,white,brown,false,jack russell terrier,03/19/2014,02:05:00,AM,Mar,Wed,Return to Owner,unknown,2.0,true,white,brown,jack russell terrier
A675466_1,unknown,8201 Riverstone Dr in Austin (TX),Owner Surrender,Nursing,Cat,0.0,male,false,white,unknown,true,domestic shorthair,03/28/2014,03:08:00,AM,Mar,Fri,Transfer,Partner,0.002739726,false,white,unknown,domestic shorthair
A675558_1,Sam,Austin (TX),Owner Surrender,Normal,Other,1.0,male,true,agouti,gray,false,sugar glider,03/29/2014,11:28:00,AM,Mar,Sat,Adoption,Foster,1.0,true,agouti,gray,sugar glider
A676052_1,Eddie,Evelyn in Travis (TX),Stray,Normal,Dog,1.0,male,false,brown,black,true,rat terrier,04/03/2014,05:25:00,AM,Apr,Thu,Adoption,unknown,1.0,true,brown,black,rat terrier
A676491_1,*Clay,13613 Glen Creek Ct in Travis (TX),Stray,Normal,Dog,2.0,male,false,red,unknown,true,english foxhound,04/10/2014,05:47:00,AM,Apr,Thu,Transfer,Partner,2.0,true,red,unknown,english foxhound
A676517_1,unknown,11575 Jollyville in Austin (TX),Wildlife,Sick,Other,2.0,Unknown,Unknown,gray,black,true,raccoon,04/11/2014,10:23:00,AM,Apr,Fri,Euthanasia,Rabies Risk,2.0,Unknown,gray,black,raccoon
A676763_1,unknown,5800 E. Martin Luther King in Austin (TX),Wildlife,Injured,Other,2.0,Unknown,Unknown,brown,unknown,true,bat,04/14/2014,07:00:00,AM,Apr,Mon,Euthanasia,Rabies Risk,2.0,Unknown,brown,unknown,bat
A676928_1,*Mabel,7132 W 71 Hwy in Austin (TX),Stray,Normal,Cat,0.076712325,female,false,tortie,unknown,true,domestic shorthair,04/17/2014,11:56:00,AM,Apr,Thu,Adoption,unknown,0.16666667,true,tortie,unknown,domestic shorthair
A677634_1,unknown,Harris Branch Pkwy & St Merryn Rd in Austin (TX),Stray,Normal,Cat,0.057534248,male,false,brown,tabby,true,domestic shorthair,04/27/2014,12:03:00,PM,Apr,Sun,Transfer,Partner,0.057534248,false,brown,tabby,domestic shorthair
A677786_1,Potter,Austin (TX),Owner Surrender,Normal,Dog,3.0,male,true,brown,white,true,boxer,04/29/2014,01:15:00,AM,Apr,Tue,Euthanasia,Behavior,3.0,true,brown,white,boxer
A677948_1,unknown,11279 Taylor Draper Lane in Austin (TX),Wildlife,Sick,Other,1.0,Unknown,Unknown,gray,black,true,raccoon,05/01/2014,04:29:00,AM,May,Thu,Euthanasia,Rabies Risk,1.0,Unknown,gray,black,raccoon
A679059_1,unknown,2205 Holly St in Austin (TX),Stray,Normal,Cat,1.0,female,false,gray,white,true,domestic shorthair,05/16/2014,07:19:00,AM,May,Fri,Transfer,SCRP,1.0,false,gray,white,domestic shorthair
A679294_1,Bosque,Austin (TX),Public Assist,Normal,Dog,2.0,male,false,blue,merle,true,queensland heeler,05/22/2014,02:30:00,AM,May,Thu,Return to Owner,unknown,2.0,false,blue,merle,queensland heeler
A679294_2,Bosque,Austin (TX),Public Assist,Normal,Dog,3.0,male,false,blue,merle,true,queensland heeler,02/13/2016,11:55:00,AM,Feb,Sat,Return to Owner,unknown,3.0,true,blue,merle,queensland heeler
A679599_1,Shadow,14000 Westall Street in Austin (TX),Stray,Normal,Dog,7.0,male,true,gray,unknown,true,miniature schnauzer,05/23/2014,02:26:00,AM,May,Fri,Return to Owner,unknown,7.0,true,gray,unknown,miniature schnauzer
A679703_1,Hazel,1017 N Meadowns Dr in Austin (TX),Stray,Normal,Dog,0.057534248,female,false,tricolor,unknown,true,australian shepherd,05/25/2014,10:08:00,AM,May,Sun,Adoption,Foster,0.16666667,true,tricolor,unknown,australian shepherd
A680060_1,*Jelly,W Braker Ln & Burnet Rd in Austin (TX),Stray,Normal,Cat,0.057534248,female,false,blue,white,true,domestic shorthair,05/29/2014,01:52:00,AM,May,Thu,Adoption,Foster,0.16666667,true,blue,white,domestic shorthair
A680264_1,unknown,12316 Fay Street in Manor (TX),Stray,Normal,Dog,0.16666667,female,false,black,tan,false,german shepherd,05/31/2014,03:09:00,AM,May,Sat,Transfer,Partner,0.16666667,false,black,tan,german shepherd
A680324_1,unknown,7315 Providence in Austin (TX),Stray,Normal,Cat,0.076712325,female,false,brown,white,true,domestic shorthair,06/01/2014,03:01:00,AM,Jun,Sun,Died,In Kennel,0.09589041,false,brown,white,domestic shorthair
A680419_1,Lizzy,3702 Counselor in Austin (TX),Stray,Normal,Cat,0.083333336,female,false,tortie,unknown,true,domestic shorthair,06/02/2014,03:17:00,AM,Jun,Mon,Transfer,Partner,0.16666667,false,tortie,unknown,domestic shorthair
A680536_1,Lilly,24609 Long Hollow Trail in Travis (TX),Stray,Injured,Cat,0.038356163,female,false,blue,white,true,domestic shorthair,06/04/2014,08:01:00,AM,Jun,Wed,Adoption,unknown,0.083333336,false,blue,white,domestic shorthair
A680922_1,unknown,5502 Sapote Court in Austin (TX),Stray,Normal,Cat,0.019178081,Unknown,Unknown,brown,tabby,true,domestic shorthair,06/09/2014,07:03:00,AM,Jun,Mon,Transfer,Partner,0.019178081,Unknown,brown,tabby,domestic shorthair
A681220_1,*Bitsie,Hwy 360 And Spicewood in Austin (TX),Stray,Normal,Dog,3.0,female,true,tricolor,unknown,true,whippet,06/13/2014,06:45:00,AM,Jun,Fri,Adoption,Foster,3.0,true,tricolor,unknown,whippet
A681236_1,Zeus,5341 Sendero Hills in Austin (TX),Stray,Normal,Cat,0.16666667,male,false,brown,tabby,true,domestic shorthair,06/14/2014,10:52:00,AM,Jun,Sat,Adoption,unknown,0.16666667,true,brown,tabby,domestic shorthair
A681446_1,unknown,6208 Tupelo Dr in Austin (TX),Wildlife,Normal,Other,1.0,Unknown,Unknown,brown,unknown,false,bat,06/16/2014,04:38:00,AM,Jun,Mon,Euthanasia,Rabies Risk,1.0,Unknown,brown,unknown,bat
A681446_2,unknown,6208 Tupelo Dr in Austin (TX),Wildlife,Normal,Other,1.0,Unknown,Unknown,brown,unknown,false,bat,06/16/2014,04:38:00,AM,Jun,Mon,Euthanasia,unknown,1.0,Unknown,brown,unknown,bat
A681763_1,unknown,Nuttall Dr in Travis (TX),Stray,Normal,Dog,0.083333336,male,false,white,brown,true,chihuahua shorthair,06/20/2014,07:10:00,AM,Jun,Fri,Died,In Foster,0.083333336,false,white,brown,chihuahua shorthair
A681818_1,Caramel,5411 Overbrook Dr in Austin (TX),Owner Surrender,Normal,Cat,0.75,female,false,white,orange,true,domestic shorthair,06/20/2014,03:55:00,AM,Jun,Fri,Adoption,unknown,0.8333333,true,white,orange,domestic shorthair
A682426_1,unknown,Austin (TX),Owner Surrender,Normal,Cat,4.0,male,true,black,unknown,true,domestic shorthair,08/26/2018,01:50:00,AM,Aug,Sun,Return to Owner,unknown,4.0,true,black,unknown,domestic shorthair
A682426_2,unknown,3101 Shoreline Dr in Austin (TX),Stray,Normal,Cat,0.16666667,male,false,black,unknown,true,domestic shorthair,06/27/2014,03:13:00,AM,Jun,Fri,Transfer,Partner,0.16666667,true,black,unknown,domestic shorthair
A682463_1,Daisy,James Wheat And Ragsdale St in Austin (TX),Stray,Normal,Dog,5.0,female,true,brown,white,true,dachshund,06/29/2014,11:29:00,AM,Jun,Sun,Adoption,unknown,5.0,true,brown,white,dachshund
A682517_1,Nena,10702 Newmont Rd in Austin (TX),Stray,Normal,Dog,0.9166667,female,false,black,black,true,pit bull,06/28/2014,06:22:00,AM,Jun,Sat,Return to Owner,unknown,1.0,true,black,black,pit bull
A682587_1,Bear,644 Mansell in Austin (TX),Stray,Normal,Dog,1.0,male,true,cream,unknown,true,chihuahua longhair,06/30/2014,10:45:00,AM,Jun,Mon,Adoption,unknown,1.0,true,cream,unknown,chihuahua longhair
A682587_2,Bear,Bill Huse And Wm Cannon in Austin (TX),Stray,Normal,Dog,1.0,male,true,cream,unknown,true,chihuahua longhair,02/04/2015,05:32:00,AM,Feb,Wed,Return to Owner,unknown,1.0,true,cream,unknown,chihuahua longhair
A682748_1,*Jefferson,14811 Chicadee Circle in Travis (TX),Public Assist,Other,Cat,0.09589041,male,false,cream,tabby,true,domestic medium hair,07/02/2014,12:52:00,PM,Jul,Wed,Adoption,Foster,0.16666667,true,cream,tabby,domestic medium hair
A682760_1,*Jasper,15105 Mossycup in Travis (TX),Owner Surrender,Normal,Dog,1.0,male,false,white,brown,true,jack russell terrier,07/02/2014,01:54:00,AM,Jul,Wed,Adoption,unknown,1.0,true,white,brown,jack russell terrier
A682760_2,*Jasper,Motheral Drive Ane West Grady Drive in Austin (TX),Stray,Normal,Dog,4.0,male,true,white,brown,true,jack russell terrier,05/05/2018,12:40:00,PM,May,Sat,Adoption,unknown,4.0,true,white,brown,jack russell terrier
A682796_1,*Sunkist,1904 Poquito in Austin (TX),Stray,Normal,Cat,0.083333336,female,false,orange,tabby,true,domestic shorthair,07/03/2014,11:01:00,AM,Jul,Thu,Transfer,Partner,0.16666667,false,orange,tabby,domestic shorthair
A683335_1,unknown,14811 Chicadee in Pflugerville (TX),Public Assist,Normal,Cat,3.0,male,false,brown,tabby,true,domestic shorthair,07/09/2014,12:58:00,PM,Jul,Wed,Transfer,Partner,3.0,true,brown,tabby,domestic shorthair
A683622_1,Harley,Tannehill And Sam Houston in Austin (TX),Stray,Normal,Dog,4.0,male,false,brown,unknown,true,chihuahua shorthair,07/12/2014,07:23:00,AM,Jul,Sat,Adoption,unknown,4.0,true,brown,unknown,chihuahua shorthair
A683738_1,Zeus,Webberville Rd And Samuel Huston Ave in Austin (TX),Stray,Normal,Dog,2.0,male,false,black,brown,true,yorkshire terrier,07/14/2014,05:22:00,AM,Jul,Mon,Adoption,unknown,2.0,true,black,brown,yorkshire terrier
A684238_1,Nansen,Travis (TX),Owner Surrender,Normal,Cat,2.0,female,true,brown,tabby,true,domestic shorthair,07/21/2014,11:46:00,AM,Jul,Mon,Transfer,Partner,2.0,true,brown,tabby,domestic shorthair
A684570_1,Blue,Luna Dr in Austin (TX),Stray,Normal,Cat,0.057534248,male,false,blue,unknown,true,domestic medium hair,07/25/2014,03:21:00,AM,Jul,Fri,Adoption,Foster,0.25,true,blue,unknown,domestic medium hair
A684828_1,unknown,Frontier Valley Dr & Montana St in Austin (TX),Stray,Normal,Cat,0.33333334,male,false,cream,white,true,domestic shorthair,07/29/2014,12:08:00,PM,Jul,Tue,Transfer,SCRP,0.33333334,false,cream,white,domestic shorthair
A685752_1,*Piper,Mountain Quial And Rundberg in Austin (TX),Stray,Normal,Dog,0.33333334,female,false,tricolor,unknown,true,collie smooth,08/12/2014,10:46:00,AM,Aug,Tue,Adoption,unknown,0.33333334,true,tricolor,unknown,collie smooth
A685805_1,unknown,9417  Great Hills Trl in Austin (TX),Stray,Normal,Cat,1.0,female,false,blue,white,true,domestic shorthair,08/12/2014,06:47:00,AM,Aug,Tue,Transfer,SCRP,1.0,false,blue,white,domestic shorthair
A686693_1,Chata,Parmer/Mopac in Austin (TX),Stray,Normal,Dog,3.0,female,false,brown,white,true,english bulldog,08/25/2014,03:05:00,AM,Aug,Mon,Adoption,unknown,3.0,true,brown,white,english bulldog
A686717_1,Shadow,Ih35 And Slaugher in Austin (TX),Stray,Normal,Dog,0.33333334,male,false,black,unknown,true,labrador retriever,08/25/2014,05:39:00,AM,Aug,Mon,Adoption,unknown,0.33333334,true,black,unknown,labrador retriever
A687826_1,Gucci,1515 Wickersham Ln in Austin (TX),Stray,Normal,Dog,3.0,male,false,black,white,true,staffordshire,09/10/2014,04:19:00,AM,Sep,Wed,Return to Owner,unknown,3.0,true,black,white,staffordshire
A688469_1,*Peanut,2907 West Ave in Austin (TX),Stray,Normal,Dog,1.0,female,true,white,brown,false,chihuahua shorthair,11/02/2014,01:05:00,AM,Nov,Sun,Adoption,unknown,1.0,true,white,brown,chihuahua shorthair
A688469_2,*Peanut,Ohlen & Payton Gen in Austin (TX),Stray,Normal,Dog,1.0,female,false,white,brown,false,chihuahua shorthair,09/19/2014,05:04:00,AM,Sep,Fri,Adoption,unknown,1.0,true,white,brown,chihuahua shorthair
A688598_1,unknown,Lancaster And Philomena in Austin (TX),Stray,Normal,Cat,0.057534248,female,false,tortie,unknown,true,domestic shorthair,09/21/2014,12:01:00,PM,Sep,Sun,Transfer,Partner,0.057534248,false,tortie,unknown,domestic shorthair
A689098_1,*Phantom,3401 Webberville Road in Austin (TX),Stray,Normal,Cat,0.16666667,male,false,black,unknown,true,domestic shorthair,09/29/2014,01:42:00,AM,Sep,Mon,Adoption,unknown,0.16666667,true,black,unknown,domestic shorthair
A689507_1,Tesla,15812 Sambuca Cir in Austin (TX),Public Assist,Normal,Dog,1.0,female,true,brown,white,true,australian shepherd,10/05/2014,04:19:00,AM,Oct,Sun,Adoption,unknown,1.0,true,brown,white,australian shepherd
A689759_1,Rex,Austin (TX),Owner Surrender,Normal,Dog,1.0,male,false,red,tan,true,australian cattle dog,10/09/2014,12:12:00,PM,Oct,Thu,Return to Owner,unknown,1.0,true,red,tan,australian cattle dog
A689999_1,*Carrie,2403 Dove Springs Drive in Austin (TX),Stray,Normal,Cat,0.083333336,female,false,black,unknown,true,domestic shorthair,10/12/2014,04:42:00,AM,Oct,Sun,Adoption,unknown,0.16666667,true,black,unknown,domestic shorthair
A690554_1,Gonzo,6536 Tara Dr in Austin (TX),Stray,Injured,Dog,0.5,male,false,tan,white,true,staffordshire,10/22/2014,01:27:00,AM,Oct,Wed,Adoption,Foster,0.6666667,true,tan,white,staffordshire
A691178_1,unknown,6808 Shannon Dr in Austin (TX),Wildlife,Sick,Other,2.0,Unknown,Unknown,black,white,false,skunk,10/31/2014,09:32:00,AM,Oct,Fri,Euthanasia,Suffering,2.0,Unknown,black,white,skunk
A691388_1,unknown,9701 Burkland Farms in Travis (TX),Stray,Normal,Dog,0.41666666,female,false,brown,black,true,australian cattle dog,11/03/2014,05:18:00,AM,Nov,Mon,Transfer,Partner,0.41666666,false,brown,black,australian cattle dog
A692102_1,Pumpkin,Ih 35 And 41St St in Austin (TX),Stray,Normal,Cat,2.0,female,true,black,unknown,true,domestic shorthair,11/14/2014,03:11:00,AM,Nov,Fri,Return to Owner,unknown,2.0,true,black,unknown,domestic shorthair
A692188_1,*Turkey,Blessing Ave & St Johns in Austin (TX),Stray,Sick,Cat,0.083333336,female,false,calico,unknown,true,domestic shorthair,11/16/2014,09:14:00,AM,Nov,Sun,Adoption,Foster,0.16666667,true,calico,unknown,domestic shorthair
A692351_1,unknown,9435 Middle Fiskville Rd in Austin (TX),Stray,Normal,Cat,1.0,female,false,brown,white,true,domestic shorthair,11/18/2014,06:03:00,AM,Nov,Tue,Transfer,SCRP,1.0,false,brown,white,domestic shorthair
A692530_1,unknown,Austin (TX),Owner Surrender,Normal,Cat,0.038356163,female,false,orange,white,true,domestic shorthair,11/22/2014,11:01:00,AM,Nov,Sat,Died,In Kennel,0.038356163,false,orange,white,domestic shorthair
A694046_1,Cat Woman,8104 Linden in Travis (TX),Stray,Normal,Dog,1.0,female,false,black,white,false,labrador retriever,12/19/2014,11:38:00,AM,Dec,Fri,Return to Owner,unknown,1.0,true,black,white,labrador retriever
A694078_1,*Kinsey,2111 W Braker in Austin (TX),Stray,Normal,Dog,10.0,female,true,black,white,true,soft coated wheaten terrier,12/19/2014,10:28:00,AM,Dec,Fri,Adoption,unknown,10.0,true,black,white,soft coated wheaten terrier
A694344_1,*Petey,Monteray Oaks And Hwy 71 in Austin (TX),Stray,Normal,Dog,3.0,male,false,white,brown,true,border terrier,12/26/2014,02:05:00,AM,Dec,Fri,Adoption,Foster,3.0,true,white,brown,border terrier
A694366_1,Jewel,Austin (TX),Owner Surrender,Normal,Dog,2.0,female,true,white,brown,true,labrador retriever,12/26/2014,05:10:00,AM,Dec,Fri,Adoption,unknown,2.0,true,white,brown,labrador retriever
A694464_1,Wilbur,S Congress And Wm Cannon in Austin (TX),Stray,Normal,Cat,0.083333336,male,false,blue,white,true,domestic shorthair,12/29/2014,11:09:00,AM,Dec,Mon,Adoption,unknown,0.16666667,true,blue,white,domestic shorthair
A694539_1,*Montana,1200 Broadmoor Dr in Austin (TX),Stray,Normal,Cat,0.33333334,male,false,orange,tabby,true,domestic shorthair,12/30/2014,12:31:00,PM,Dec,Tue,Adoption,unknown,0.41666666,true,orange,tabby,domestic shorthair
A694566_1,unknown,50002 Westgate Blvd in Austin (TX),Stray,Normal,Cat,0.01369863,female,false,black,white,true,domestic shorthair,12/30/2014,03:41:00,AM,Dec,Tue,Transfer,Partner,0.019178081,false,black,white,domestic shorthair
A695323_1,Tracy,Stassney And Atascosa Dr in Austin (TX),Stray,Normal,Dog,0.083333336,female,false,brown,white,true,chihuahua shorthair,01/13/2015,06:43:00,AM,Jan,Tue,Adoption,unknown,0.16666667,true,brown,white,chihuahua shorthair
A695436_1,unknown,11406 Tedford St & Scurry St in Austin (TX),Stray,Normal,Cat,1.0,female,false,black,white,false,domestic medium hair,01/15/2015,03:07:00,AM,Jan,Thu,Transfer,SCRP,1.0,false,black,white,domestic medium hair
A695822_1,*Potato,14938 Swiss Drive in Del Valle (TX),Stray,Normal,Dog,0.083333336,female,false,white,brown,true,cardigan welsh corgi,01/23/2015,05:23:00,AM,Jan,Fri,Adoption,unknown,0.083333336,true,white,brown,cardigan welsh corgi
A695877_1,Gunner,Austin (TX),Owner Surrender,Normal,Dog,2.0,male,true,black,white,true,labrador retriever,06/19/2016,03:40:00,AM,Jun,Sun,Adoption,unknown,1.0,true,black,white,labrador retriever
A695877_2,Gunner,Lott in Austin (TX),Stray,Normal,Dog,1.0,male,false,black,white,true,labrador retriever,01/24/2015,05:05:00,AM,Jan,Sat,Adoption,unknown,3.0,true,black,white,labrador retriever
A696493_1,Lotus,Austin (TX),Owner Surrender,Normal,Dog,13.0,female,true,red,tick,true,australian cattle dog,02/05/2015,05:02:00,AM,Feb,Thu,Adoption,unknown,13.0,true,red,tick,australian cattle dog
A697237_1,*Pinto,1700 Terri Rd in Austin (TX),Stray,Normal,Dog,0.16666667,male,false,white,brown,true,chihuahua shorthair,02/20/2015,11:58:00,AM,Feb,Fri,Adoption,unknown,0.16666667,true,white,brown,chihuahua shorthair
A697976_1,*Allie,2011 W Rundberg Ln in Austin (TX),Stray,Normal,Dog,2.0,female,true,black,tan,true,miniature pinscher,09/16/2015,04:01:00,AM,Sep,Wed,Adoption,unknown,2.0,true,black,tan,miniature pinscher
A697976_2,*Allie,Hwy 183 And Fairfield Dr in Austin (TX),Stray,Normal,Dog,2.0,female,false,black,tan,true,miniature pinscher,03/04/2015,12:17:00,PM,Mar,Wed,Return to Owner,unknown,2.0,true,black,tan,miniature pinscher
A698392_1,Chief,Dallas Dr. & Green River Trl in Austin (TX),Stray,Normal,Dog,0.5833333,male,false,sable,black,false,german shepherd,03/10/2015,09:35:00,AM,Mar,Tue,Return to Owner,unknown,0.5833333,true,sable,black,german shepherd
A698589_1,Rex,Austin (TX),Owner Surrender,Normal,Dog,3.0,male,true,yellow,white,true,labrador retriever,03/14/2015,11:09:00,AM,Mar,Sat,Transfer,Partner,3.0,true,yellow,white,labrador retriever
A699338_1,*Wilbur,Dessau Rd And Palmer Dr in Austin (TX),Stray,Normal,Dog,1.0,male,false,buff,unknown,true,labrador retriever,03/25/2015,05:10:00,AM,Mar,Wed,Transfer,Partner,1.0,true,buff,unknown,labrador retriever
A699917_1,unknown,2811 East 2Nd in Austin (TX),Stray,Normal,Dog,0.083333336,female,false,black,white,true,labrador retriever,04/04/2015,12:01:00,PM,Apr,Sat,Adoption,unknown,0.16666667,true,black,white,labrador retriever
A700123_1,*Lucy,5338 Thunder Creek Dr in Austin (TX),Stray,Normal,Cat,0.083333336,female,false,brown,white,true,domestic longhair,04/08/2015,12:59:00,PM,Apr,Wed,Adoption,unknown,0.16666667,true,brown,white,domestic longhair
A700502_1,Marley,7416 Onion Creek Drive in Austin (TX),Public Assist,Normal,Dog,1.0,male,false,brown,unknown,true,dachshund,04/17/2015,06:04:00,AM,Apr,Fri,Return to Owner,unknown,1.0,false,brown,unknown,dachshund
A700671_1,unknown,2200 Berkeley Ave in Austin (TX),Wildlife,Normal,Other,1.0,Unknown,Unknown,brown,unknown,true,bat,04/17/2015,04:42:00,AM,Apr,Fri,Euthanasia,Rabies Risk,1.0,Unknown,brown,unknown,bat
A700921_1,*Jemma,Austin (TX),Owner Surrender,Normal,Cat,1.0,female,true,black,unknown,true,domestic shorthair,04/21/2015,11:01:00,AM,Apr,Tue,Adoption,unknown,1.0,true,black,unknown,domestic shorthair
A701136_1,Mexico,Hidden Lake Crossing And Rolling Water Dr in Pflugerville (TX),Stray,Normal,Dog,2.0,male,false,white,blue,true,american bulldog,04/24/2015,02:02:00,AM,Apr,Fri,Return to Owner,unknown,2.0,false,white,blue,american bulldog
A701160_1,unknown,71 & Tx 45 in Austin (TX),Stray,Normal,Cat,0.038356163,male,false,blue,unknown,false,domestic shorthair,04/24/2015,03:00:00,AM,Apr,Fri,Transfer,Partner,0.038356163,false,blue,unknown,domestic shorthair
A701540_1,Oreo,Trotwood & Yager Lane in Austin (TX),Stray,Normal,Cat,0.083333336,female,false,black,white,true,domestic medium hair,05/01/2015,12:05:00,PM,May,Fri,Adoption,Foster,0.083333336,true,black,white,domestic medium hair
A702116_1,Lilac,Austin (TX),Owner Surrender,Normal,Cat,2.0,female,false,lynx,point,true,siamese,05/21/2015,04:35:00,AM,May,Thu,Transfer,Partner,2.0,true,lynx,point,siamese
A702610_1,Jordan,5402 Agua Caliente Cove in Austin (TX),Owner Surrender,Sick,Dog,0.33333334,male,false,white,unknown,true,pit bull,05/16/2015,12:11:00,PM,May,Sat,Transfer,Partner,0.33333334,false,white,unknown,pit bull
A703284_1,Piper,Austin (TX),Owner Surrender,Normal,Dog,0.5,female,true,buff,black,false,chow chow,05/22/2015,02:59:00,AM,May,Fri,Transfer,Partner,0.5,true,buff,black,chow chow
A703839_1,*Jet,Geneva Dr And Hartnell Dr in Austin (TX),Stray,Normal,Dog,0.75,male,false,brown,white,true,labrador retriever,05/29/2015,01:33:00,AM,May,Fri,Adoption,unknown,0.8333333,true,brown,white,labrador retriever
A704096_1,Booboo,Tetbury Ln And Palace Pkwy in Austin (TX),Stray,Normal,Dog,3.0,female,true,red,unknown,true,pit bull,08/26/2016,12:22:00,PM,Aug,Fri,Adoption,unknown,3.0,true,red,unknown,pit bull
A704096_2,Booboo,124 W Anderson Ln in Austin (TX),Stray,Normal,Dog,2.0,female,false,red,unknown,true,pit bull,06/01/2015,03:06:00,AM,Jun,Mon,Return to Owner,unknown,2.0,true,red,unknown,pit bull
A704355_1,Leo,9019 Elroy Rd in Austin (TX),Stray,Normal,Dog,1.0,male,true,tan,white,true,pharaoh hound,07/11/2015,03:50:00,AM,Jul,Sat,Return to Owner,unknown,1.0,true,tan,white,pharaoh hound
A704743_1,unknown,1408 A Cool Shadow in Austin (TX),Stray,Sick,Cat,0.076712325,Unknown,Unknown,gray,tabby,true,domestic shorthair,06/08/2015,03:31:00,AM,Jun,Mon,Euthanasia,Suffering,0.076712325,Unknown,gray,tabby,domestic shorthair
A704912_1,Jelly,Austin (TX),Owner Surrender,Normal,Dog,0.019178081,male,false,blue,unknown,true,pit bull,06/10/2015,04:47:00,AM,Jun,Wed,Adoption,unknown,0.083333336,true,blue,unknown,pit bull
A705304_1,unknown,6904 Tulane Dr in Austin (TX),Stray,Nursing,Cat,0.002739726,Unknown,Unknown,white,unknown,true,domestic shorthair,06/15/2015,04:14:00,AM,Jun,Mon,Died,In Kennel,0.010958904,Unknown,white,unknown,domestic shorthair
A705350_1,*Toast,1401 E Rundberg in Austin (TX),Stray,Normal,Cat,0.083333336,male,false,brown,tabby,true,domestic shorthair,06/16/2015,11:26:00,AM,Jun,Tue,Adoption,Foster,0.16666667,true,brown,tabby,domestic shorthair
A705595_1,*Luke,E Stassney Ln & Dove Springs Dr in Austin (TX),Stray,Normal,Dog,2.0,male,false,brown,white,true,pit bull,06/19/2015,01:12:00,AM,Jun,Fri,Transfer,Partner,2.0,false,brown,white,pit bull
A705681_1,*Periwinkle,1901 Onion Creek Parkway in Austin (TX),Stray,Normal,Cat,0.057534248,female,false,torbie,brown,true,domestic shorthair,06/20/2015,11:44:00,AM,Jun,Sat,Transfer,Partner,0.057534248,false,torbie,brown,domestic shorthair
A705687_1,Sam,Del Valle (TX),Owner Surrender,Normal,Dog,7.0,male,true,white,tan,true,lhasa apso,06/20/2015,11:59:00,AM,Jun,Sat,Return to Owner,unknown,7.0,true,white,tan,lhasa apso
A706225_1,unknown,17411 Blake Manor Rd in Manor (TX),Stray,Normal,Cat,0.083333336,male,false,white,unknown,true,domestic longhair,06/26/2015,12:13:00,PM,Jun,Fri,Transfer,Partner,0.083333336,false,white,unknown,domestic longhair
A706642_1,unknown,10617 Deer Canyon Rd in Jonestown (TX),Stray,Normal,Cat,0.083333336,male,false,black,white,true,domestic shorthair,07/01/2015,12:14:00,PM,Jul,Wed,Died,In Kennel,0.083333336,false,black,white,domestic shorthair
A707033_1,*Casper,Ashdale Dr in Austin (TX),Stray,Normal,Dog,4.0,male,false,white,unknown,false,german shepherd,07/07/2015,09:11:00,AM,Jul,Tue,Adoption,unknown,4.0,true,white,unknown,german shepherd
A707575_1,unknown,Zach Scott And Gochman in Austin (TX),Wildlife,Normal,Other,2.0,Unknown,Unknown,brown,unknown,true,bat,07/15/2015,01:33:00,AM,Jul,Wed,Euthanasia,Rabies Risk,2.0,Unknown,brown,unknown,bat
A707680_1,unknown,2906 Gem Circle in Austin (TX),Stray,Normal,Cat,1.0,Unknown,Unknown,black,unknown,true,domestic shorthair,07/16/2015,11:05:00,AM,Jul,Thu,Transfer,SCRP,1.0,Unknown,black,unknown,domestic shorthair
A707809_1,Velvet,9910 Peterson Road in Travis (TX),Stray,Normal,Dog,1.0,female,false,black,white,true,border collie,07/18/2015,01:09:00,AM,Jul,Sat,Transfer,Partner,1.0,false,black,white,border collie
A707923_1,Little Man,Austin (TX),Owner Surrender,Normal,Cat,15.0,male,true,orange,tabby,true,domestic shorthair,07/20/2015,11:46:00,AM,Jul,Mon,Euthanasia,Medical,15.0,true,orange,tabby,domestic shorthair
A708483_1,unknown,7301 Rhett Pl in Austin (TX),Wildlife,Normal,Other,1.0,Unknown,Unknown,brown,unknown,true,bat,07/28/2015,12:09:00,PM,Jul,Tue,Euthanasia,Rabies Risk,1.0,Unknown,brown,unknown,bat
A708667_1,Phantom,E Stassney Ln And S Ih 35 Rd in Austin (TX),Stray,Normal,Dog,6.0,male,false,black,unknown,true,chihuahua shorthair,07/30/2015,11:03:00,AM,Jul,Thu,Adoption,unknown,6.0,true,black,unknown,chihuahua shorthair
A709607_1,unknown,S Lamar Blvd And Riverside Dr in Austin (TX),Stray,Normal,Cat,0.083333336,female,false,black,white,true,domestic shorthair,08/11/2015,12:04:00,PM,Aug,Tue,Adoption,unknown,0.33333334,true,black,white,domestic shorthair
A710345_1,unknown,2601 S Pleasant Valley in Austin (TX),Stray,Nursing,Cat,0.038356163,male,false,black,unknown,true,domestic shorthair,08/22/2015,12:24:00,PM,Aug,Sat,Transfer,Partner,0.038356163,false,black,unknown,domestic shorthair
A710582_1,unknown,704 East 45Th St in Austin (TX),Stray,Normal,Cat,0.25,male,false,brown,white,true,domestic medium hair,08/24/2015,06:57:00,AM,Aug,Mon,Transfer,SCRP,0.33333334,false,brown,white,domestic medium hair
A710682_1,unknown,600 River St in Austin (TX),Stray,Normal,Cat,2.0,Unknown,Unknown,white,unknown,true,domestic shorthair,08/26/2015,11:40:00,AM,Aug,Wed,Transfer,SCRP,2.0,Unknown,white,unknown,domestic shorthair
A710966_1,*Gilbert,Austin (TX),Owner Surrender,Sick,Cat,4.0,male,true,orange,tabby,true,domestic longhair,10/27/2015,01:49:00,AM,Oct,Tue,Adoption,unknown,4.0,true,orange,tabby,domestic longhair
A710966_2,*Gilbert,2414 Exposition Blvd #110 in Austin (TX),Stray,Normal,Cat,4.0,male,true,orange,tabby,true,domestic longhair,09/15/2015,02:26:00,AM,Sep,Tue,Adoption,unknown,4.0,true,orange,tabby,domestic longhair
A710966_3,*Gilbert,The Domain  By Ipic in Austin (TX),Stray,Nursing,Cat,4.0,male,true,orange,tabby,true,domestic longhair,08/31/2015,07:04:00,AM,Aug,Mon,Transfer,SCRP,4.0,true,orange,tabby,domestic longhair
A711704_1,unknown,Vine Hill And Thatch in Austin (TX),Stray,Normal,Cat,0.083333336,female,false,brown,tabby,true,domestic shorthair,09/11/2015,11:01:00,AM,Sep,Fri,Euthanasia,Suffering,0.083333336,false,brown,tabby,domestic shorthair
A711789_1,unknown,701 W Riverside in Austin (TX),Wildlife,Normal,Other,1.0,Unknown,Unknown,brown,unknown,true,bat,09/12/2015,12:47:00,PM,Sep,Sat,Euthanasia,Rabies Risk,1.0,Unknown,brown,unknown,bat
A712392_1,unknown,1500 Crossing Place in Austin (TX),Stray,Nursing,Cat,0.019178081,female,false,blue,tabby,true,domestic shorthair,09/22/2015,12:33:00,PM,Sep,Tue,Adoption,Foster,0.33333334,true,blue,tabby,domestic shorthair
A712576_1,*Grayson,Richardine Ave And Garland in Austin (TX),Stray,Normal,Cat,0.083333336,male,false,blue,white,true,domestic shorthair,09/25/2015,01:48:00,AM,Sep,Fri,Died,In Kennel,0.083333336,false,blue,white,domestic shorthair
A712880_1,Jonse,Austin (TX),Owner Surrender,Normal,Cat,0.16666667,male,false,orange,tabby,true,domestic shorthair,09/29/2015,01:01:00,AM,Sep,Tue,Transfer,Partner,0.16666667,true,orange,tabby,domestic shorthair
A712880_2,Jonse,Battle Bend Blvd And I 35 in Austin (TX),Stray,Normal,Cat,0.41666666,male,true,orange,tabby,true,domestic shorthair,01/10/2016,12:10:00,PM,Jan,Sun,Return to Owner,unknown,0.41666666,true,orange,tabby,domestic shorthair
A712903_1,unknown,3848 Airport Blvd in Austin (TX),Stray,Normal,Cat,0.019178081,male,false,black,white,true,domestic shorthair,09/29/2015,06:00:00,AM,Sep,Tue,Transfer,Partner,0.019178081,false,black,white,domestic shorthair
A713198_1,Sadie,Austin (TX),Public Assist,Normal,Cat,12.0,female,true,calico,unknown,false,domestic shorthair,10/04/2015,11:06:00,AM,Oct,Sun,Return to Owner,unknown,12.0,true,calico,unknown,domestic shorthair
A713480_1,Oscar,20706 Postoak Parkway in Manor (TX),Stray,Normal,Dog,2.0,male,true,tan,unknown,true,chihuahua shorthair,10/07/2015,02:02:00,AM,Oct,Wed,Return to Owner,unknown,2.0,true,tan,unknown,chihuahua shorthair
A713554_1,Lemon,6201 Club Terrace Dr in Austin (TX),Stray,Normal,Cat,0.076712325,female,false,tortie,unknown,true,domestic shorthair,10/08/2015,03:48:00,AM,Oct,Thu,Adoption,Foster,0.25,true,tortie,unknown,domestic shorthair
A713718_1,Roxie,7201 Levander Loop in Austin (TX),Stray,Normal,Dog,3.0,female,false,black,unknown,true,labrador retriever,10/11/2015,02:52:00,AM,Oct,Sun,Return to Owner,unknown,3.0,false,black,unknown,labrador retriever
A713747_1,Skittles,Austin (TX),Owner Surrender,Normal,Cat,3.0,female,false,black,white,true,domestic medium hair,10/12/2015,10:51:00,AM,Oct,Mon,Transfer,Partner,3.0,true,black,white,domestic medium hair
A713767_1,Lil One,1155 Brookswood Avenue in Austin (TX),Owner Surrender,Normal,Cat,0.41666666,female,false,blue,unknown,true,domestic shorthair,10/12/2015,03:41:00,AM,Oct,Mon,Adoption,unknown,0.41666666,true,blue,unknown,domestic shorthair
A713770_1,unknown,Tamayo And Anderson Mill in Austin (TX),Stray,Normal,Dog,5.0,female,false,gray,unknown,true,yorkshire terrier,10/12/2015,03:49:00,AM,Oct,Mon,Adoption,unknown,5.0,true,gray,unknown,yorkshire terrier
A714544_1,unknown,54 Rainey St in Austin (TX),Wildlife,Normal,Other,0.076712325,Unknown,Unknown,black,brown,false,bat,10/24/2015,11:48:00,AM,Oct,Sat,Euthanasia,Rabies Risk,0.076712325,Unknown,black,brown,bat
A714804_1,*Dee Dee,9721 Sunflower in Austin (TX),Stray,Nursing,Cat,0.057534248,female,false,torbie,unknown,true,domestic shorthair,10/28/2015,11:48:00,AM,Oct,Wed,Adoption,Foster,0.25,true,torbie,unknown,domestic shorthair
A715069_1,Hazel,5721 Honeybee Bend in Austin (TX),Public Assist,Normal,Dog,0.083333336,female,false,chocolate,white,true,pit bull,10/30/2015,10:25:00,AM,Oct,Fri,Return to Owner,unknown,0.083333336,false,chocolate,white,pit bull
A715436_1,Maggie,Travis (TX),Owner Surrender,Normal,Dog,0.16666667,female,false,white,tan,true,labrador retriever,11/04/2015,04:57:00,AM,Nov,Wed,Adoption,unknown,0.16666667,true,white,tan,labrador retriever
A715761_1,unknown,5211 Joe Sayers in Austin (TX),Stray,Normal,Cat,5.0,female,true,calico,unknown,true,domestic shorthair,11/09/2015,01:48:00,AM,Nov,Mon,Transfer,SCRP,5.0,true,calico,unknown,domestic shorthair
A716852_1,Dazzle,S. Sh-35 in Austin (TX),Stray,Normal,Dog,0.083333336,male,false,gold,unknown,true,golden retriever,11/27/2015,09:27:00,AM,Nov,Fri,Transfer,Partner,0.083333336,false,gold,unknown,golden retriever
A716947_1,Macy,2000 Hamilton Ave in Austin (TX),Stray,Normal,Dog,1.0,female,false,yellow,unknown,true,labrador retriever,11/29/2015,11:07:00,AM,Nov,Sun,Adoption,unknown,1.0,true,yellow,unknown,labrador retriever
A716956_1,unknown,5307 Gregg Ln in Travis (TX),Stray,Nursing,Dog,0.002739726,female,false,tricolor,unknown,true,australian cattle dog,11/29/2015,12:40:00,PM,Nov,Sun,Died,At Vet,0.01369863,false,tricolor,unknown,australian cattle dog
A716963_1,Pockets,Outside Jurisdiction,Stray,Normal,Dog,1.0,male,false,black,white,true,labrador retriever,11/29/2015,03:08:00,AM,Nov,Sun,Adoption,unknown,1.0,true,black,white,labrador retriever
A717054_1,*Beau,6917 Mcneil Dr in Austin (TX),Stray,Normal,Cat,2.0,male,true,seal,point,true,himalayan,12/04/2015,08:19:00,AM,Dec,Fri,Transfer,Partner,2.0,true,seal,point,himalayan
A717939_1,Ariel,7200 Reaburn St in Austin (TX),Owner Surrender,Normal,Dog,7.0,female,false,gray,unknown,true,cane corso,07/29/2018,11:07:00,AM,Jul,Sun,Transfer,Partner,7.0,true,gray,unknown,cane corso
A719319_1,Frito,15008A Fm 812 in Austin (TX),Stray,Normal,Cat,0.25,male,false,brown,white,true,domestic shorthair,01/17/2016,12:26:00,PM,Jan,Sun,Return to Owner,unknown,0.25,true,brown,white,domestic shorthair
A719829_1,Lucy,Cesar Chavez/Chicon in Austin (TX),Stray,Normal,Dog,2.0,female,true,black,white,true,chihuahua shorthair,01/28/2016,01:55:00,AM,Jan,Thu,Return to Owner,unknown,2.0,true,black,white,chihuahua shorthair
A720059_1,Wilbur,12034 Research in Austin (TX),Stray,Normal,Dog,2.0,male,true,black,white,true,pug,02/02/2016,07:39:00,AM,Feb,Tue,Adoption,unknown,2.0,true,black,white,pug
A720145_1,*Geraldo,300 E Rundberg Ln in Austin (TX),Stray,Normal,Dog,1.0,male,false,brown,black,true,german shepherd,02/03/2016,12:53:00,PM,Feb,Wed,Adoption,unknown,1.0,true,brown,black,german shepherd
A721028_1,unknown,5222 Burnet Rd in Austin (TX),Wildlife,Normal,Other,0.076712325,Unknown,Unknown,black,brown,false,bat,02/19/2016,08:51:00,AM,Feb,Fri,Euthanasia,Rabies Risk,0.076712325,Unknown,black,brown,bat
A723022_1,unknown,2224 E Stassney Ln in Austin (TX),Stray,Normal,Dog,1.0,male,false,black,unknown,true,chihuahua shorthair,03/25/2016,12:23:00,PM,Mar,Fri,Adoption,unknown,1.0,true,black,unknown,chihuahua shorthair
A723050_1,unknown,Travis (TX),Stray,Normal,Cat,0.019178081,male,false,brown,tabby,true,domestic shorthair,03/25/2016,04:53:00,AM,Mar,Fri,Transfer,Partner,0.019178081,false,brown,tabby,domestic shorthair
A723116_1,unknown,"2209 Rutland Dr, Unit B in Austin (TX)",Wildlife,Normal,Other,1.0,Unknown,Unknown,brown,unknown,true,bat,03/26/2016,11:37:00,AM,Mar,Sat,Euthanasia,Rabies Risk,1.0,Unknown,brown,unknown,bat
A723126_1,Taylor,7201 Levander Loop in Austin (TX),Stray,Normal,Cat,3.0,female,true,blue,unknown,true,domestic shorthair,03/27/2016,11:14:00,AM,Mar,Sun,Return to Owner,unknown,3.0,true,blue,unknown,domestic shorthair
A723255_1,unknown,Lonestar Dr in Travis (TX),Wildlife,Sick,Other,1.0,Unknown,Unknown,brown,unknown,true,bat,03/29/2016,12:11:00,PM,Mar,Tue,Euthanasia,Rabies Risk,1.0,Unknown,brown,unknown,bat
A723285_1,Stacy,Alexis Ln And Stanislaws Dr in Austin (TX),Stray,Normal,Dog,1.0,female,false,red,cream,true,siberian husky,03/29/2016,03:00:00,AM,Mar,Tue,Return to Owner,unknown,1.0,false,red,cream,siberian husky
A723570_1,*Beatrice,5709 Pecanwood in Austin (TX),Stray,Normal,Cat,2.0,female,false,black,unknown,true,domestic medium hair,04/03/2016,01:34:00,AM,Apr,Sun,Transfer,Partner,2.0,false,black,unknown,domestic medium hair
A723643_1,Mazzy,Delwood Dr And Rogge Ln in Austin (TX),Stray,Normal,Dog,2.0,female,true,tricolor,unknown,true,american foxhound,06/26/2016,03:17:00,AM,Jun,Sun,Return to Owner,unknown,2.0,true,tricolor,unknown,american foxhound
A723643_2,Mazzy,1900 South Of Capital Texas Highway in Austin (TX),Stray,Normal,Dog,2.0,female,false,tricolor,unknown,true,american foxhound,04/04/2016,01:56:00,AM,Apr,Mon,Transfer,Partner,2.0,true,tricolor,unknown,american foxhound
A723665_1,unknown,2914 Castro St in Austin (TX),Stray,Normal,Cat,0.057534248,male,false,brown,tabby,true,domestic shorthair,04/04/2016,04:47:00,AM,Apr,Mon,Transfer,Partner,0.057534248,false,brown,tabby,domestic shorthair
A723930_1,*Maya,Anderson Mill & Treeline in Austin (TX),Stray,Normal,Dog,3.0,female,false,brown,tan,true,chihuahua shorthair,04/09/2016,07:58:00,AM,Apr,Sat,Transfer,Partner,3.0,false,brown,tan,chihuahua shorthair
A724073_1,Lily,Austin (TX),Owner Surrender,Normal,Cat,0.9166667,female,false,calico,unknown,true,domestic shorthair,04/11/2016,01:25:00,AM,Apr,Mon,Adoption,unknown,0.9166667,true,calico,unknown,domestic shorthair
A724122_1,Enya,Running Deer Trail & Red Fox Rd in Austin (TX),Stray,Normal,Dog,0.083333336,female,false,black,tan,true,yorkshire terrier,04/12/2016,12:49:00,PM,Apr,Tue,Transfer,Partner,0.083333336,false,black,tan,yorkshire terrier
A724157_1,Old Man,2120 Nogales St in Austin (TX),Stray,Normal,Cat,4.0,male,true,black,unknown,true,domestic shorthair,04/12/2016,06:54:00,AM,Apr,Tue,Return to Owner,unknown,4.0,true,black,unknown,domestic shorthair
A724732_1,Bella,Austin (TX),Public Assist,Normal,Dog,2.0,female,false,tan,white,true,pit bull,04/21/2016,06:19:00,AM,Apr,Thu,Return to Owner,unknown,2.0,true,tan,white,pit bull
A724835_1,Vendrix,Caldwell Ln And Lessman Ln in Del Valle (TX),Stray,Normal,Cat,0.083333336,male,false,cream,white,true,domestic shorthair,04/22/2016,12:25:00,PM,Apr,Fri,Adoption,unknown,0.083333336,false,cream,white,domestic shorthair
A725093_1,unknown,9704 Carson Creek Blvd in Del Valle (TX),Stray,Normal,Cat,0.019178081,female,false,orange,tabby,true,domestic shorthair,04/25/2016,06:05:00,AM,Apr,Mon,Transfer,Partner,0.019178081,false,orange,tabby,domestic shorthair
A725392_1,*Sargent,6205 Emerald Forest Dr in Austin (TX),Stray,Injured,Cat,0.083333336,male,false,brown,tabby,true,domestic shorthair,04/28/2016,04:50:00,AM,Apr,Thu,Transfer,Partner,0.083333336,false,brown,tabby,domestic shorthair
A725852_1,Dino,6805 Wood Hollow Drive in Austin (TX),Stray,Normal,Dog,1.0,male,false,chocolate,tan,true,chihuahua shorthair,04/02/2018,11:10:00,AM,Apr,Mon,Adoption,unknown,1.0,true,chocolate,tan,chihuahua shorthair
A726153_1,unknown,1604 Northridge in Austin (TX),Wildlife,Injured,Other,2.0,Unknown,Unknown,gray,unknown,true,opossum,05/07/2016,10:57:00,AM,May,Sat,Euthanasia,Suffering,2.0,Unknown,gray,unknown,opossum
A726627_1,unknown,2And And Attayca in Austin (TX),Stray,Normal,Cat,0.076712325,female,false,lynx,point,true,snowshoe,05/12/2016,04:45:00,AM,May,Thu,Euthanasia,Suffering,0.083333336,false,lynx,point,snowshoe
A726637_1,*Fili,2And And Attayca in Austin (TX),Stray,Normal,Cat,0.076712325,male,false,white,black,false,domestic shorthair,05/12/2016,04:45:00,AM,May,Thu,Transfer,Partner,0.16666667,false,white,black,domestic shorthair
A727142_1,unknown,Austin (TX),Owner Surrender,Normal,Dog,1.0,male,false,red,unknown,true,chihuahua shorthair,05/18/2016,03:22:00,AM,May,Wed,Transfer,Partner,1.0,false,red,unknown,chihuahua shorthair
A727364_1,unknown,5300 Thornwood in Austin (TX),Stray,Normal,Cat,1.0,Unknown,Unknown,black,unknown,true,domestic shorthair,05/21/2016,01:33:00,AM,May,Sat,Transfer,SCRP,1.0,Unknown,black,unknown,domestic shorthair
A727553_1,unknown,3303 Oak Alley in Austin (TX),Stray,Normal,Cat,0.038356163,Unknown,Unknown,orange,white,true,domestic shorthair,05/23/2016,12:05:00,PM,May,Mon,Transfer,Partner,0.038356163,Unknown,orange,white,domestic shorthair
A728047_1,Sailor Moon,Del Valle (TX),Owner Surrender,Normal,Cat,1.0,female,false,brown,white,true,domestic shorthair,05/30/2016,01:57:00,AM,May,Mon,Transfer,Partner,1.0,true,brown,white,domestic shorthair
A728086_1,unknown,3601 Webberville Rd in Austin (TX),Stray,Normal,Dog,0.083333336,female,false,black,white,true,labrador retriever,05/30/2016,06:27:00,AM,May,Mon,Transfer,Partner,0.16666667,false,black,white,labrador retriever
A728710_1,unknown,Purple Sage Dr And Lazy Creek Dr in Austin (TX),Stray,Normal,Dog,0.16666667,male,false,red,unknown,true,black mouth cur,06/07/2016,01:13:00,AM,Jun,Tue,Transfer,Partner,0.16666667,false,red,unknown,black mouth cur
A728770_1,Campbell,7700 W Parmer Ln in Austin (TX),Stray,Normal,Dog,3.0,male,true,tan,white,false,labrador retriever,11/28/2017,04:12:00,AM,Nov,Tue,Adoption,unknown,3.0,true,tan,white,labrador retriever
A728770_2,Campbell,Lamar And Burnet in Austin (TX),Stray,Normal,Dog,2.0,male,false,tan,white,false,labrador retriever,06/08/2016,12:11:00,PM,Jun,Wed,Adoption,unknown,2.0,true,tan,white,labrador retriever
A729008_1,unknown,1500 W William Cannon Dr in Austin (TX),Stray,Normal,Cat,0.083333336,male,false,white,black,true,domestic shorthair,06/12/2016,01:10:00,AM,Jun,Sun,Adoption,Foster,0.41666666,false,white,black,domestic shorthair
A729050_1,unknown,Georgian St And Powell St in Austin (TX),Public Assist,Normal,Dog,0.8333333,male,false,black,white,true,chihuahua longhair,06/12/2016,07:09:00,AM,Jun,Sun,Transfer,Partner,0.8333333,true,black,white,chihuahua longhair
A729217_1,*Butterfly,1707 Burton Drive in Austin (TX),Stray,Normal,Cat,0.076712325,female,false,tortie,unknown,true,domestic shorthair,06/14/2016,06:36:00,AM,Jun,Tue,Adoption,unknown,0.16666667,true,tortie,unknown,domestic shorthair
A729398_1,unknown,Austin (TX),Owner Surrender,Normal,Cat,0.25,female,false,torbie,unknown,true,domestic shorthair,06/17/2016,04:04:00,AM,Jun,Fri,Adoption,unknown,0.25,true,torbie,unknown,domestic shorthair
A729462_1,*Sailor,4913 Hudson Bend Rd in Austin (TX),Stray,Normal,Cat,0.083333336,male,false,orange,tabby,true,domestic shorthair,06/18/2016,04:31:00,AM,Jun,Sat,Adoption,unknown,0.25,true,orange,tabby,domestic shorthair
A729462_2,*Sailor,Austin (TX),Stray,Normal,Cat,1.0,male,true,orange,tabby,true,domestic shorthair,01/18/2018,05:29:00,AM,Jan,Thu,Euthanasia,Suffering,1.0,true,orange,tabby,domestic shorthair
A729550_1,Finn,7500 Gaines Mill Ln in Austin (TX),Stray,Normal,Cat,0.076712325,male,false,blue,tabby,true,domestic shorthair,06/20/2016,11:05:00,AM,Jun,Mon,Adoption,Foster,0.16666667,true,blue,tabby,domestic shorthair
A729572_1,Beebop,13312 Guarnere in Del Valle (TX),Stray,Normal,Dog,1.0,male,false,white,black,true,great pyrenees,06/20/2016,01:32:00,AM,Jun,Mon,Adoption,unknown,1.0,true,white,black,great pyrenees
A729769_1,*Gracie,9502 Manchaca Rd in Austin (TX),Stray,Normal,Cat,1.0,female,false,calico,unknown,true,domestic medium hair,06/23/2016,04:16:00,AM,Jun,Thu,Adoption,unknown,1.0,true,calico,unknown,domestic medium hair
A729775_1,*Fradey,Leander (TX),Owner Surrender,Normal,Cat,0.25,female,true,black,white,true,domestic shorthair,09/07/2016,04:54:00,AM,Sep,Wed,Adoption,unknown,0.25,true,black,white,domestic shorthair
A729775_2,*Fradey,11309 Doyle Overton Rd in Austin (TX),Stray,Normal,Cat,0.083333336,female,false,black,white,true,domestic shorthair,06/23/2016,05:21:00,AM,Jun,Thu,Adoption,Foster,0.75,true,black,white,domestic shorthair
A730009_1,*Pearl,Austin (TX),Owner Surrender,Normal,Cat,0.057534248,female,false,black,unknown,true,domestic shorthair,06/27/2016,11:28:00,AM,Jun,Mon,Adoption,Foster,0.16666667,true,black,unknown,domestic shorthair
A730089_1,unknown,9201 Circuit Of The Americas Blvd in Travis (TX),Stray,Normal,Dog,0.16666667,female,false,chocolate,white,true,labrador retriever,06/28/2016,11:52:00,AM,Jun,Tue,Transfer,Partner,0.25,false,chocolate,white,labrador retriever
A730699_1,*Pablo Diego,Austin (TX),Owner Surrender,Normal,Cat,0.33333334,male,false,black,white,true,domestic shorthair,07/09/2016,08:42:00,AM,Jul,Sat,Adoption,unknown,0.41666666,true,black,white,domestic shorthair
A730705_1,*Nelson,Us-183 & Fm 812 in Austin (TX),Stray,Normal,Dog,2.0,male,false,black,white,true,border collie,07/09/2016,10:55:00,AM,Jul,Sat,Adoption,Foster,2.0,true,black,white,border collie
A731706_1,unknown,19000 Limestone Commercial Dr in Pflugerville (TX),Stray,Normal,Cat,0.002739726,Unknown,Unknown,brown,tabby,true,domestic shorthair,07/26/2016,01:30:00,AM,Jul,Tue,Transfer,Partner,0.002739726,Unknown,brown,tabby,domestic shorthair
A731761_1,Diego,1700 Teri Rd in Austin (TX),Stray,Injured,Dog,12.0,male,false,brown,black,true,chow chow,07/27/2016,11:25:00,AM,Jul,Wed,Return to Owner,unknown,12.0,false,brown,black,chow chow
A732034_1,*Wynnie,5014 E Cesar Chavez in Austin (TX),Stray,Normal,Dog,0.33333334,female,false,white,brown,false,whippet,07/31/2016,04:13:00,AM,Jul,Sun,Adoption,unknown,0.33333334,true,white,brown,whippet
A732060_1,*Sissy,6209 Dorchester Drive in Austin (TX),Stray,Normal,Dog,2.0,female,false,blue,white,true,pit bull,06/14/2018,02:27:00,AM,Jun,Thu,Adoption,unknown,2.0,true,blue,white,pit bull
A732192_1,*Becky,3713 Tudor Blvd in Austin (TX),Stray,Normal,Cat,0.057534248,female,false,brown,tabby,true,domestic shorthair,08/03/2016,09:19:00,AM,Aug,Wed,Adoption,Foster,0.25,true,brown,tabby,domestic shorthair
A732260_1,unknown,9502 Capital View Dr in Austin (TX),Stray,Normal,Cat,0.5833333,female,false,black,tabby,true,domestic shorthair,08/04/2016,05:14:00,AM,Aug,Thu,Transfer,SCRP,0.5833333,false,black,tabby,domestic shorthair
A732302_1,unknown,806 Park Blvd in Austin (TX),Stray,Normal,Cat,0.41666666,male,false,black,unknown,true,domestic shorthair,08/05/2016,03:47:00,AM,Aug,Fri,Transfer,SCRP,0.5,false,black,unknown,domestic shorthair
A732467_1,Zoey,13021 Dessau Rd in Austin (TX),Stray,Normal,Dog,0.25,female,false,brown,black,true,miniature schnauzer,08/08/2016,12:52:00,PM,Aug,Mon,Return to Owner,unknown,0.25,true,brown,black,miniature schnauzer
A732531_1,Gonzo,19089 Lakehurst Loop in Travis (TX),Stray,Normal,Dog,1.0,male,true,red,white,true,chihuahua shorthair,08/09/2016,01:07:00,AM,Aug,Tue,Return to Owner,unknown,1.0,true,red,white,chihuahua shorthair
A733154_1,Star,Austin (TX),Public Assist,Normal,Dog,10.0,female,true,white,brown,false,pointer,08/18/2016,05:44:00,AM,Aug,Thu,Return to Owner,unknown,11.0,true,white,brown,pointer
A733174_1,unknown,5204 Ranch Rd 2222 in Austin (TX),Stray,Normal,Cat,1.0,female,false,brown,tabby,true,domestic shorthair,08/18/2016,11:14:00,AM,Aug,Thu,Transfer,SCRP,1.0,false,brown,tabby,domestic shorthair
A733200_1,unknown,6800 Nbroad Brook in Austin (TX),Stray,Sick,Cat,0.076712325,female,false,blue,white,true,domestic shorthair,08/18/2016,05:03:00,AM,Aug,Thu,Euthanasia,Suffering,0.076712325,false,blue,white,domestic shorthair
A733623_1,*Reiner,8600 Brodie Ln in Austin (TX),Stray,Normal,Dog,0.8333333,male,false,black,tan,true,german shepherd,08/24/2016,05:58:00,AM,Aug,Wed,Adoption,unknown,0.8333333,false,black,tan,german shepherd
A733741_1,unknown,422 Riverside in Austin (TX),Owner Surrender,Normal,Cat,0.019178081,Unknown,Unknown,black,white,true,domestic shorthair,08/26/2016,11:00:00,AM,Aug,Fri,Transfer,Partner,0.019178081,Unknown,black,white,domestic shorthair
A733808_1,unknown,11600 February Drive in Austin (TX),Stray,Normal,Cat,2.0,male,false,cream,white,true,domestic shorthair,08/27/2016,01:31:00,AM,Aug,Sat,Transfer,SCRP,2.0,false,cream,white,domestic shorthair
A734610_1,*Pearl,10301 Ranch Rd 2222 in Austin (TX),Stray,Normal,Cat,1.0,female,true,blue,tabby,true,domestic shorthair,09/09/2016,05:30:00,AM,Sep,Fri,Adoption,unknown,1.0,true,blue,tabby,domestic shorthair
A734823_1,unknown,4726 Palisade Drive in Austin (TX),Stray,Normal,Cat,0.076712325,female,false,orange,tabby,true,domestic shorthair,09/13/2016,03:40:00,AM,Sep,Tue,Euthanasia,Suffering,0.083333336,false,orange,tabby,domestic shorthair
A734991_1,*Randy,Austin (TX),Owner Surrender,Normal,Cat,0.16666667,male,false,brown,tabby,true,domestic shorthair,09/16/2016,01:55:00,AM,Sep,Fri,Adoption,unknown,0.16666667,true,brown,tabby,domestic shorthair
A735387_1,*Chambala,Austin (TX),Owner Surrender,Normal,Cat,0.5,female,false,black,white,true,domestic shorthair,09/23/2016,12:00:00,PM,Sep,Fri,Adoption,unknown,0.75,true,black,white,domestic shorthair
A735481_1,*Kirby,Outside Jurisdiction,Owner Surrender,Normal,Dog,2.0,male,true,tan,black,true,german shepherd,10/16/2016,12:27:00,PM,Oct,Sun,Adoption,unknown,2.0,true,tan,black,german shepherd
A735481_2,*Kirby,401 Little Texas Ln in Austin (TX),Stray,Normal,Dog,2.0,male,false,tan,black,true,german shepherd,09/24/2016,12:21:00,PM,Sep,Sat,Adoption,unknown,2.0,true,tan,black,german shepherd
A735579_1,*Ricky,2220 E Cesar Chavez St in Austin (TX),Stray,Normal,Cat,0.083333336,male,false,blue,tabby,true,domestic shorthair,09/25/2016,04:54:00,AM,Sep,Sun,Died,In Foster,0.083333336,false,blue,tabby,domestic shorthair
A735696_1,Little Bit,1012 Reinli St in Austin (TX),Stray,Normal,Cat,2.0,female,true,brown,tabby,true,domestic shorthair,09/27/2016,03:04:00,AM,Sep,Tue,Adoption,unknown,2.0,true,brown,tabby,domestic shorthair
A735710_1,Diamond,Austin (TX),Owner Surrender,Normal,Dog,3.0,female,false,gray,white,true,pit bull,03/12/2019,02:04:00,AM,Mar,Tue,Transfer,Partner,3.0,true,gray,white,pit bull
A735953_1,Harley,10710 Research Blvd #200 in Austin (TX),Stray,Normal,Dog,5.0,male,true,white,brown,false,catahoula,10/01/2016,05:14:00,AM,Oct,Sat,Return to Owner,unknown,5.0,true,white,brown,catahoula
A735953_2,Harley,9505 Stonelake Blvd in Austin (TX),Public Assist,Normal,Dog,5.0,male,true,white,brown,false,catahoula,01/28/2017,12:51:00,PM,Jan,Sat,Return to Owner,unknown,5.0,true,white,brown,catahoula
A736447_1,Nibbler,10015 Lake Creek Blvd in Austin (TX),Stray,Normal,Dog,2.0,male,false,tricolor,unknown,true,beagle,10/10/2016,06:14:00,AM,Oct,Mon,Return to Owner,unknown,2.0,false,tricolor,unknown,beagle
A736479_1,Lucy,13900 Harris Ridge in Pflugerville (TX),Stray,Normal,Dog,2.0,female,true,black,white,true,basset hound,12/10/2017,02:51:00,AM,Dec,Sun,Return to Owner,unknown,2.0,true,black,white,basset hound
A736479_2,Lucy,Harris Ridge Blvd & Cambourne Dr in Travis (TX),Stray,Normal,Dog,1.0,female,true,black,white,true,basset hound,10/11/2016,12:25:00,PM,Oct,Tue,Return to Owner,unknown,1.0,true,black,white,basset hound
A736624_1,*Petunia,2815 Cahill Dr in Austin (TX),Stray,Normal,Dog,1.0,female,false,white,black,true,jack russell terrier,10/14/2016,11:29:00,AM,Oct,Fri,Adoption,unknown,1.0,true,white,black,jack russell terrier
A738028_1,unknown,525 W Slaughter Ln in Austin (TX),Stray,Normal,Cat,0.083333336,female,false,tortie,unknown,true,domestic shorthair,11/08/2016,02:37:00,AM,Nov,Tue,Adoption,Foster,0.16666667,true,tortie,unknown,domestic shorthair
A738332_1,Bear,Travis (TX),Owner Surrender,Normal,Dog,0.8333333,male,true,brown,unknown,true,chihuahua shorthair,11/13/2016,08:59:00,AM,Nov,Sun,Adoption,unknown,0.8333333,true,brown,unknown,chihuahua shorthair
A738407_1,Vader,8105 Linden Rd in Del Valle (TX),Stray,Normal,Dog,0.33333334,male,false,black,white,true,miniature poodle,11/14/2016,03:49:00,AM,Nov,Mon,Adoption,unknown,0.33333334,true,black,white,miniature poodle
A738456_1,*Cal,4807 Brassiewood Dr in Austin (TX),Stray,Normal,Dog,5.0,male,false,black,white,true,pit bull,11/15/2016,02:20:00,AM,Nov,Tue,Transfer,Partner,5.0,false,black,white,pit bull
A739429_1,Princess,14300 Cummins Way in Manor (TX),Stray,Other,Dog,5.0,female,false,black,white,true,pit bull,12/03/2016,09:36:00,AM,Dec,Sat,Return to Owner,unknown,6.0,false,black,white,pit bull
A739752_1,Peace,5400 Freidrich in Austin (TX),Stray,Normal,Dog,1.0,male,false,black,white,true,labrador retriever,12/06/2016,03:50:00,AM,Dec,Tue,Adoption,unknown,1.0,true,black,white,labrador retriever
A739969_1,*Sheba,9916 Horizon Ln in Austin (TX),Stray,Normal,Dog,1.0,female,false,white,unknown,true,great pyrenees,12/09/2016,04:25:00,AM,Dec,Fri,Adoption,unknown,1.0,true,white,unknown,great pyrenees
A740247_1,*Trooper,1137 Gunter St in Austin (TX),Stray,Injured,Dog,1.0,male,false,blue,merle,true,catahoula,12/13/2016,02:08:00,AM,Dec,Tue,Transfer,Partner,1.0,true,blue,merle,catahoula
A740349_1,Harper,1501 Fm973 in Austin (TX),Owner Surrender,Normal,Dog,0.16666667,male,false,tan,white,true,chihuahua shorthair,12/15/2016,04:56:00,AM,Dec,Thu,Adoption,unknown,0.25,true,tan,white,chihuahua shorthair
A740752_1,unknown,508 Seminole Dr in Austin (TX),Stray,Normal,Dog,0.5,male,false,blue,tan,true,australian cattle dog,01/02/2017,02:07:00,AM,Jan,Mon,Adoption,unknown,0.5,true,blue,tan,australian cattle dog
A741286_1,Gambit,1115 Badlands Dr in Pflugerville (TX),Stray,Normal,Cat,10.0,male,true,chocolate,unknown,true,domestic shorthair,12/30/2016,01:17:00,AM,Dec,Fri,Adoption,unknown,10.0,true,chocolate,unknown,domestic shorthair
A741688_1,*Pickles,Harpers Ferry Ln And Clydesdale Dr in Austin (TX),Stray,Normal,Dog,0.6666667,male,false,tan,white,true,chihuahua shorthair,01/06/2017,12:43:00,PM,Jan,Fri,Transfer,Partner,0.6666667,true,tan,white,chihuahua shorthair
A741764_1,Kentucky,Austin (TX),Owner Surrender,Normal,Cat,3.0,female,true,brown,white,true,domestic shorthair,01/08/2017,10:22:00,AM,Jan,Sun,Transfer,Partner,3.0,true,brown,white,domestic shorthair
A742805_1,*Kasey,18805 Pencil Cactus Blvd in Travis (TX),Stray,Normal,Cat,1.0,female,false,brown,tabby,true,domestic shorthair,01/28/2017,03:00:00,AM,Jan,Sat,Adoption,unknown,1.0,true,brown,tabby,domestic shorthair
A743073_1,*Mika,15050 Swiss Dr in Travis (TX),Stray,Pregnant,Dog,3.0,female,false,white,brown,true,labrador retriever,02/03/2017,12:39:00,PM,Feb,Fri,Adoption,unknown,3.0,true,white,brown,labrador retriever
A743191_1,unknown,6280 Mcneil Drive in Travis (TX),Stray,Normal,Cat,0.16666667,female,false,tortie,unknown,true,domestic shorthair,02/05/2017,03:40:00,AM,Feb,Sun,Adoption,unknown,0.16666667,true,tortie,unknown,domestic shorthair
A743280_1,unknown,Crownspoint Dr And Doliver Dr in Austin (TX),Stray,Normal,Dog,7.0,male,true,white,white,true,miniature poodle,02/07/2017,01:30:00,AM,Feb,Tue,Return to Owner,unknown,7.0,true,white,white,miniature poodle
A743988_1,Puffin,Travis (TX),Owner Surrender,Normal,Cat,5.0,male,true,black,white,true,domestic shorthair,02/21/2017,09:48:00,AM,Feb,Tue,Adoption,unknown,5.0,true,black,white,domestic shorthair
A744235_1,Trouble,Slaughter Ln And Manchaca Blvd in Austin (TX),Stray,Normal,Dog,1.0,male,false,fawn,white,true,american bulldog,02/25/2017,03:32:00,AM,Feb,Sat,Return to Owner,unknown,1.0,false,fawn,white,american bulldog
A744363_1,unknown,5114 Turnstone Dr in Austin (TX),Wildlife,Sick,Other,0.5,Unknown,Unknown,brown,unknown,true,raccoon,02/27/2017,03:50:00,AM,Feb,Mon,Euthanasia,Rabies Risk,0.5,Unknown,brown,unknown,raccoon
A744832_1,*Lorraine,Outside Jurisdiction,Stray,Normal,Cat,0.083333336,female,false,brown,tabby,true,domestic shorthair,03/08/2017,12:55:00,PM,Mar,Wed,Adoption,unknown,0.25,true,brown,tabby,domestic shorthair
A745147_1,Jasco,1005 Sprindale Rd in Austin (TX),Stray,Normal,Dog,5.0,male,false,cream,white,true,wire hair fox terrier,03/13/2017,02:22:00,AM,Mar,Mon,Return to Owner,unknown,5.0,false,cream,white,wire hair fox terrier
A745245_1,unknown,9513 Burnet Rd in Austin (TX),Wildlife,Normal,Other,2.0,Unknown,Unknown,brown,unknown,true,bat,03/15/2017,11:22:00,AM,Mar,Wed,Euthanasia,Rabies Risk,2.0,Unknown,brown,unknown,bat
A745294_1,*Grisby,Delta Post Drive And Fm 969 in Austin (TX),Stray,Normal,Dog,3.0,male,false,silver,brown,true,yorkshire terrier,03/15/2017,06:10:00,AM,Mar,Wed,Transfer,Partner,3.0,true,silver,brown,yorkshire terrier
A746740_1,unknown,Austin (TX),Owner Surrender,Normal,Dog,0.25,male,true,tan,unknown,true,australian cattle dog,05/08/2017,02:46:00,AM,May,Mon,Adoption,unknown,0.25,true,tan,unknown,australian cattle dog
A746740_2,unknown,1156 Cesar Chavez St in Austin (TX),Stray,Normal,Dog,0.16666667,male,false,tan,unknown,true,australian cattle dog,04/08/2017,12:01:00,PM,Apr,Sat,Adoption,unknown,0.16666667,true,tan,unknown,australian cattle dog
A746950_1,Luna,Outside Jurisdiction,Owner Surrender,Normal,Dog,2.0,female,true,black,unknown,true,dachshund wirehair,05/22/2018,04:23:00,AM,May,Tue,Adoption,unknown,2.0,true,black,unknown,dachshund wirehair
A746950_2,Luna,2901 Montopolis Dr in Austin (TX),Stray,Normal,Dog,1.0,female,false,black,unknown,true,dachshund wirehair,04/11/2017,03:26:00,AM,Apr,Tue,Adoption,unknown,1.0,true,black,unknown,dachshund wirehair
A747138_1,Sheeba,14975 Swiss Dr in Del Valle (TX),Stray,Normal,Dog,2.0,female,false,black,white,true,american pit bull terrier,02/15/2018,01:27:00,AM,Feb,Thu,Adoption,unknown,3.0,true,black,white,american pit bull terrier
A747232_1,unknown,8802 Schick Rd in Austin (TX),Stray,Injured,Cat,1.0,male,false,brown,tabby,true,domestic shorthair,04/17/2017,09:39:00,AM,Apr,Mon,Transfer,Partner,1.0,false,brown,tabby,domestic shorthair
A747513_1,unknown,6001 Parkwood Dr in Austin (TX),Stray,Normal,Cat,1.0,female,false,cream,tabby,true,domestic shorthair,04/20/2017,04:26:00,AM,Apr,Thu,Transfer,Snr,1.0,true,cream,tabby,domestic shorthair
A747515_1,unknown,911 S 2Nd St in Austin (TX),Stray,Normal,Cat,0.057534248,female,false,orange,tabby,true,domestic shorthair,04/20/2017,04:41:00,AM,Apr,Thu,Transfer,Partner,0.057534248,false,orange,tabby,domestic shorthair
A748014_1,Splish,Austin (TX),Owner Surrender,Normal,Dog,0.5833333,female,false,brown,white,true,pit bull,04/28/2017,09:17:00,AM,Apr,Fri,Adoption,unknown,0.6666667,true,brown,white,pit bull
A748119_1,Jasper,Austin (TX),Stray,Normal,Dog,0.083333336,male,false,cream,unknown,true,great pyrenees,04/29/2017,01:15:00,AM,Apr,Sat,Transfer,Partner,0.16666667,false,cream,unknown,great pyrenees
A748326_1,Lola,13425 Commes Drive in Del Valle (TX),Stray,Normal,Dog,5.0,female,true,red,white,true,beagle,07/09/2018,01:25:00,AM,Jul,Mon,Return to Owner,unknown,5.0,true,red,white,beagle
A748790_1,Cookie,18000 Lakeline Blvd in Austin (TX),Stray,Normal,Dog,1.0,female,false,white,unknown,true,bichon frise,05/06/2017,04:52:00,AM,May,Sat,Return to Owner,unknown,1.0,false,white,unknown,bichon frise
A748862_1,Peanut,Austin (TX),Owner Surrender,Normal,Dog,1.0,female,false,red,unknown,true,chihuahua shorthair,05/08/2017,09:44:00,AM,May,Mon,Transfer,Partner,1.0,true,red,unknown,chihuahua shorthair
A749052_1,Puppy 2,4717 Castleman in Austin (TX),Stray,Normal,Dog,0.41666666,female,false,tan,unknown,true,chihuahua longhair,08/26/2017,11:35:00,AM,Aug,Sat,Return to Owner,unknown,0.41666666,true,tan,unknown,chihuahua longhair
A749105_1,Rocky,8207 Canoga Ave in Austin (TX),Stray,Normal,Dog,2.0,male,true,brown,black,true,yorkshire terrier,05/11/2017,11:12:00,AM,May,Thu,Return to Owner,unknown,2.0,true,brown,black,yorkshire terrier
A750040_1,Olivia,Austin (TX),Owner Surrender,Normal,Dog,7.0,female,true,brown,unknown,true,labrador retriever,10/11/2017,05:50:00,AM,Oct,Wed,Adoption,Foster,8.0,true,brown,unknown,labrador retriever
A750046_1,*Tamale,7902 Dee Gabriel Collins in Austin (TX),Stray,Normal,Cat,0.057534248,male,false,orange,tabby,true,domestic shorthair,05/23/2017,11:16:00,AM,May,Tue,Adoption,Foster,0.083333336,true,orange,tabby,domestic shorthair
A750128_1,Luna Fifi,Austin (TX),Owner Surrender,Normal,Dog,0.25,female,true,black,unknown,true,chihuahua shorthair,07/03/2017,06:14:00,AM,Jul,Mon,Adoption,unknown,0.25,true,black,unknown,chihuahua shorthair
A750397_1,unknown,3201 Amber Oak in Austin (TX),Stray,Normal,Cat,1.0,female,false,black,white,true,domestic shorthair,05/26/2017,04:23:00,AM,May,Fri,Transfer,Snr,1.0,false,black,white,domestic shorthair
A751195_1,unknown,6418 Jennings Dr in Austin (TX),Wildlife,Normal,Other,0.076712325,Unknown,Unknown,red,unknown,false,bat,06/05/2017,11:22:00,AM,Jun,Mon,Euthanasia,Rabies Risk,0.076712325,Unknown,red,unknown,bat
A751524_1,*Bingley,Austin (TX),Owner Surrender,Normal,Dog,0.083333336,male,false,black,white,true,pit bull,06/09/2017,11:04:00,AM,Jun,Fri,Adoption,unknown,0.16666667,true,black,white,pit bull
A751740_1,unknown,301 E 8Th St in Austin (TX),Stray,Normal,Dog,0.5,female,false,black,unknown,true,labrador retriever,06/12/2017,11:23:00,AM,Jun,Mon,Return to Owner,unknown,0.5833333,false,black,unknown,labrador retriever
A751943_1,unknown,E 51St St And Manor Rd in Austin (TX),Stray,Normal,Dog,4.0,male,false,black,tan,true,chihuahua shorthair,06/15/2017,04:33:00,AM,Jun,Thu,Transfer,Partner,4.0,true,black,tan,chihuahua shorthair
A752157_1,unknown,Travis (TX),Owner Surrender,Normal,Dog,0.083333336,female,false,tan,black,true,labrador retriever,06/19/2017,11:43:00,AM,Jun,Mon,Transfer,Partner,0.083333336,false,tan,black,labrador retriever
A752376_1,*Beryl,3520 Victorine in Travis (TX),Stray,Normal,Cat,6.0,female,true,brown,tabby,true,domestic shorthair,06/21/2017,03:41:00,AM,Jun,Wed,Adoption,unknown,6.0,true,brown,tabby,domestic shorthair
A752491_1,unknown,Bartholomew District Park in Austin (TX),Stray,Normal,Dog,0.083333336,male,false,black,unknown,true,labrador retriever,06/22/2017,07:03:00,AM,Jun,Thu,Transfer,Partner,0.083333336,false,black,unknown,labrador retriever
A752674_1,Muneca,9309 Carson Creek in Austin (TX),Owner Surrender,Normal,Dog,0.33333334,female,true,tan,white,true,st. bernard rough coat,07/12/2017,09:17:00,AM,Jul,Wed,Adoption,unknown,0.33333334,true,tan,white,st. bernard rough coat
A752674_2,Muneca,Travis (TX),Owner Surrender,Normal,Dog,0.33333334,female,false,tan,white,true,st. bernard rough coat,06/19/2017,11:49:00,AM,Jun,Mon,Return to Owner,unknown,0.33333334,true,tan,white,st. bernard rough coat
A752878_1,*Splashy,12004 Aspendale Drive in Austin (TX),Stray,Normal,Cat,0.083333336,female,false,white,brown,true,domestic shorthair,06/28/2017,02:44:00,AM,Jun,Wed,Adoption,unknown,0.16666667,true,white,brown,domestic shorthair
A752905_1,Cali,7201 Levander Loop in Austin (TX),Public Assist,Injured,Dog,2.0,female,false,black,white,true,pit bull,06/28/2017,09:19:00,AM,Jun,Wed,Return to Owner,unknown,2.0,false,black,white,pit bull
A753005_1,Lady,5705 Diehl Trl Apt 4215 in Austin (TX),Stray,Normal,Dog,2.0,female,true,brown,unknown,true,labrador retriever,06/30/2017,10:30:00,AM,Jun,Fri,Return to Owner,unknown,2.0,true,brown,unknown,labrador retriever
A753667_1,unknown,10210 Ember Glen in Austin (TX),Stray,Normal,Dog,0.057534248,male,false,brown,unknown,true,beagle,07/09/2017,02:42:00,AM,Jul,Sun,Transfer,Partner,0.057534248,false,brown,unknown,beagle
A754093_1,Vader,12402 Tein Creek Park Dr in Travis (TX),Stray,Normal,Dog,0.75,male,false,blue,unknown,true,american pit bull terrier,07/15/2017,01:07:00,AM,Jul,Sat,Return to Owner,unknown,0.75,false,blue,unknown,american pit bull terrier
A754218_1,unknown,2301 E St Elmo in Austin (TX),Stray,Normal,Cat,0.016438356,Unknown,Unknown,black,unknown,true,domestic shorthair,07/17/2017,01:59:00,AM,Jul,Mon,Transfer,Partner,0.016438356,Unknown,black,unknown,domestic shorthair
A754261_1,unknown,Marcello Drive in Travis (TX),Stray,Normal,Dog,1.0,female,false,brown,white,true,english bulldog,07/18/2017,11:23:00,AM,Jul,Tue,Adoption,unknown,1.0,true,brown,white,english bulldog
A754479_1,unknown,3209 Cupid Drive in Austin (TX),Stray,Normal,Cat,0.019178081,male,false,orange,tabby,true,domestic shorthair,07/21/2017,12:40:00,PM,Jul,Fri,Transfer,Partner,0.019178081,false,orange,tabby,domestic shorthair
A754676_1,*Hadley,Spearson Lane And William Cannon in Austin (TX),Stray,Normal,Dog,2.0,female,false,brown,white,true,staffordshire,07/22/2017,04:56:00,AM,Jul,Sat,Adoption,Foster,2.0,true,brown,white,staffordshire
A755284_1,unknown,7330 Bluff Springs in Austin (TX),Wildlife,Normal,Other,1.0,Unknown,Unknown,brown,unknown,true,bat,07/31/2017,08:06:00,AM,Jul,Mon,Euthanasia,Rabies Risk,1.0,Unknown,brown,unknown,bat
A755775_1,Marley,3426 Greystone in Austin (TX),Stray,Normal,Dog,2.0,male,false,red,unknown,true,redbone hound,08/08/2017,05:25:00,AM,Aug,Tue,Return to Owner,unknown,2.0,false,red,unknown,redbone hound
A755843_1,unknown,2400 Nueces in Austin (TX),Wildlife,Normal,Other,1.0,Unknown,Unknown,brown,unknown,false,bat,08/09/2017,04:38:00,AM,Aug,Wed,Euthanasia,Rabies Risk,1.0,Unknown,brown,unknown,bat
A756564_1,Speckles,Rundberg And North Lamar in Austin (TX),Stray,Normal,Cat,2.0,female,true,white,black,true,american shorthair,08/22/2017,11:12:00,AM,Aug,Tue,Euthanasia,Suffering,2.0,true,white,black,american shorthair
A756810_1,Kissy,Austin (TX),Owner Surrender,Normal,Cat,11.0,female,true,white,black,true,japanese bobtail,08/25/2017,02:55:00,AM,Aug,Fri,Adoption,unknown,11.0,true,white,black,japanese bobtail
A756833_1,Butterfly,Austin (TX),Public Assist,Sick,Dog,6.0,female,false,black,unknown,true,labrador retriever,08/26/2017,09:01:00,AM,Aug,Sat,Return to Owner,unknown,6.0,false,black,unknown,labrador retriever
A757004_1,Mio,Grady in Austin (TX),Stray,Normal,Dog,1.0,male,true,white,unknown,true,maltese,08/28/2017,06:27:00,AM,Aug,Mon,Return to Owner,unknown,1.0,true,white,unknown,maltese
A757191_1,*Bran,1817 East Oltorf in Austin (TX),Stray,Normal,Cat,0.019178081,male,false,blue,tabby,true,domestic shorthair,08/31/2017,11:42:00,AM,Aug,Thu,Adoption,unknown,0.25,true,blue,tabby,domestic shorthair
A757272_1,unknown,8011 Beckett Rd in Austin (TX),Stray,Injured,Cat,2.0,Unknown,Unknown,white,brown,true,domestic longhair,09/01/2017,10:41:00,AM,Sep,Fri,Euthanasia,Suffering,2.0,Unknown,white,brown,domestic longhair
A757368_1,040,Outside Jurisdiction,Public Assist,Normal,Dog,2.0,male,false,white,unknown,true,pit bull,09/01/2017,02:47:00,AM,Sep,Fri,Transfer,Partner,2.0,false,white,unknown,pit bull
A757665_1,unknown,3515 N Lamar Blvd in Austin (TX),Stray,Normal,Dog,0.076712325,female,false,black,brown,true,plott hound,09/04/2017,05:19:00,AM,Sep,Mon,Adoption,unknown,0.16666667,true,black,brown,plott hound
A757794_1,unknown,8516 Brooksfield Drive in Austin (TX),Stray,Other,Cat,0.019178081,female,false,tortie,unknown,true,domestic shorthair,09/06/2017,04:03:00,AM,Sep,Wed,Transfer,Partner,0.019178081,false,tortie,unknown,domestic shorthair
A757827_1,Chaco,1020 Grove Boulevard in Austin (TX),Stray,Normal,Dog,0.75,male,false,tan,white,true,dachshund,09/07/2017,11:52:00,AM,Sep,Thu,Return to Owner,unknown,0.8333333,false,tan,white,dachshund
A758024_1,unknown,10713 Watchful Fox Drive in Austin (TX),Stray,Normal,Cat,0.076712325,male,false,black,white,true,domestic shorthair,09/10/2017,12:32:00,PM,Sep,Sun,Adoption,unknown,0.083333336,true,black,white,domestic shorthair
A758169_1,Luigi,12400 Mellow Meadow Dr in Austin (TX),Stray,Normal,Dog,11.0,male,true,gray,white,true,shih tzu,09/12/2017,12:24:00,PM,Sep,Tue,Transfer,Partner,11.0,true,gray,white,shih tzu
A758182_1,Tater,7901 Metrololis Dr in Austin (TX),Stray,Normal,Dog,1.0,female,false,white,brown,true,pit bull,09/12/2017,02:43:00,AM,Sep,Tue,Adoption,unknown,1.0,true,white,brown,pit bull
A758328_1,Snow,Austin (TX),Owner Surrender,Normal,Other,0.41666666,female,false,white,white,true,guinea pig,09/14/2017,11:54:00,AM,Sep,Thu,Transfer,Partner,0.41666666,false,white,white,guinea pig
A758691_1,Benji,Austin (TX),Owner Surrender,Normal,Other,0.5,male,true,white,gray,false,rabbit sh,09/20/2017,12:55:00,PM,Sep,Wed,Adoption,unknown,0.5,true,white,gray,rabbit sh
A758811_1,Lady,12800 Turtle Creek in Austin (TX),Stray,Normal,Dog,3.0,female,true,black,brindle,true,chow chow,09/22/2017,11:58:00,AM,Sep,Fri,Return to Owner,unknown,3.0,true,black,brindle,chow chow
A758811_2,Lady,9300 Anderson Mill Dr in Austin (TX),Stray,Normal,Dog,3.0,female,true,black,brindle,true,chow chow,02/09/2018,10:42:00,AM,Feb,Fri,Return to Owner,unknown,3.0,true,black,brindle,chow chow
A759032_1,Lulu,Outside Jurisdiction,Owner Surrender,Normal,Dog,1.0,female,false,tan,black,true,yorkshire terrier,09/25/2017,04:31:00,AM,Sep,Mon,Transfer,Partner,1.0,false,tan,black,yorkshire terrier
A759431_1,Diana,Rosehill Circle And Stassney in Austin (TX),Stray,Normal,Dog,2.0,female,true,black,white,true,labrador retriever,10/01/2017,07:03:00,AM,Oct,Sun,Adoption,unknown,2.0,true,black,white,labrador retriever
A759545_1,unknown,15302 Marsha in Austin (TX),Stray,Normal,Dog,2.0,female,false,brown,black,true,airedale terrier,10/03/2017,01:57:00,AM,Oct,Tue,Return to Owner,unknown,2.0,false,brown,black,airedale terrier
A759780_1,unknown,Airport And Mlk in Austin (TX),Stray,Normal,Dog,0.25,female,false,brown,unknown,true,dachshund wirehair,10/07/2017,01:27:00,AM,Oct,Sat,Transfer,Partner,0.33333334,true,brown,unknown,dachshund wirehair
A760195_1,unknown,1205 Citation Circle in Del Valle (TX),Stray,Normal,Cat,1.0,male,false,blue,unknown,true,domestic shorthair,10/14/2017,01:20:00,AM,Oct,Sat,Transfer,Snr,1.0,false,blue,unknown,domestic shorthair
A760682_1,unknown,Bluff Springs Road And Blue Meadow Drive in Austin (TX),Stray,Normal,Dog,1.0,female,false,black,white,true,dachshund wirehair,10/22/2017,02:45:00,AM,Oct,Sun,Transfer,Partner,1.0,false,black,white,dachshund wirehair
A760724_1,unknown,2701 E 7Th St in Austin (TX),Stray,Normal,Cat,0.41666666,male,false,seal,point,true,snowshoe,10/23/2017,08:56:00,AM,Oct,Mon,Adoption,unknown,0.41666666,true,seal,point,snowshoe
A761093_1,Moxie,5501 Avenue F in Austin (TX),Public Assist,Normal,Dog,4.0,female,true,yellow,white,true,labrador retriever,10/29/2017,08:44:00,AM,Oct,Sun,Return to Owner,unknown,4.0,true,yellow,white,labrador retriever
A761366_1,Kadee,7610 Cameron Road #2110 in Austin (TX),Public Assist,Normal,Dog,2.0,female,true,brown,black,true,german shepherd,11/03/2017,01:14:00,AM,Nov,Fri,Return to Owner,unknown,2.0,true,brown,black,german shepherd
A761868_1,unknown,815 Christopher Street in Austin (TX),Stray,Normal,Cat,0.083333336,female,false,white,black,true,domestic shorthair,11/10/2017,05:31:00,AM,Nov,Fri,Transfer,Partner,0.16666667,false,white,black,domestic shorthair
A762383_1,unknown,Cripple Creek And Parkfield in Austin (TX),Stray,Normal,Dog,2.0,female,false,black,brown,true,yorkshire terrier,11/19/2017,01:56:00,AM,Nov,Sun,Transfer,Partner,2.0,true,black,brown,yorkshire terrier
A763663_1,Champ,1609 W Braker Ln in Austin (TX),Stray,Injured,Dog,1.0,male,true,black,white,true,australian shepherd,12/13/2017,11:18:00,AM,Dec,Wed,Return to Owner,unknown,1.0,true,black,white,australian shepherd
A764403_1,Kiki,Austin (TX),Owner Surrender,Normal,Cat,6.0,male,true,gray,white,true,domestic longhair,12/29/2017,01:42:00,AM,Dec,Fri,Transfer,Partner,6.0,true,gray,white,domestic longhair
A764534_1,unknown,Walnut Drive East And Georgian Drive in Austin (TX),Stray,Normal,Dog,1.0,female,false,brown,white,true,dachshund,12/31/2017,04:29:00,AM,Dec,Sun,Adoption,unknown,1.0,true,brown,white,dachshund
A764737_1,*James,5811 Whitebrook Drive in Austin (TX),Stray,Normal,Cat,0.41666666,male,false,blue,tabby,true,domestic shorthair,01/05/2018,12:23:00,PM,Jan,Fri,Transfer,Partner,0.41666666,true,blue,tabby,domestic shorthair
A765074_1,unknown,8107 View Ridge Drive in Austin (TX),Stray,Normal,Cat,0.41666666,male,false,brown,white,true,domestic shorthair,01/12/2018,02:35:00,AM,Jan,Fri,Adoption,unknown,0.41666666,true,brown,white,domestic shorthair
A766407_1,*Blondie,1710 Cedar Creek Avenue in Austin (TX),Stray,Normal,Dog,2.0,female,false,tan,black,true,labrador retriever,02/08/2018,01:34:00,AM,Feb,Thu,Adoption,unknown,2.0,true,tan,black,labrador retriever
A766880_1,*Gracey,Pflugerville (TX),Owner Surrender,Sick,Dog,1.0,female,true,brown,white,true,pit bull,03/04/2018,12:58:00,PM,Mar,Sun,Transfer,Partner,1.0,true,brown,white,pit bull
A766880_2,*Gracey,East Stassney Lane And South Pleasant Valley Road in Austin (TX),Stray,Normal,Dog,1.0,female,false,brown,white,true,pit bull,02/18/2018,04:13:00,AM,Feb,Sun,Adoption,unknown,1.0,true,brown,white,pit bull
A767136_1,unknown,2005 Willow Creek Drive in Austin (TX),Stray,Normal,Cat,3.0,female,false,black,white,true,domestic longhair,02/24/2018,11:55:00,AM,Feb,Sat,Transfer,Snr,3.0,false,black,white,domestic longhair
A767605_1,George,Austin (TX),Owner Surrender,Normal,Dog,1.0,male,true,tan,white,false,boxer,05/05/2018,11:06:00,AM,May,Sat,Adoption,unknown,1.0,true,tan,white,boxer
A767605_2,George,Austin (TX),Owner Surrender,Normal,Dog,1.0,male,true,tan,white,false,boxer,03/29/2018,06:15:00,AM,Mar,Thu,Adoption,unknown,1.0,true,tan,white,boxer
A767605_3,George,Travis (TX),Owner Surrender,Normal,Dog,1.0,male,true,tan,white,false,boxer,03/24/2018,12:25:00,PM,Mar,Sat,Adoption,unknown,1.0,true,tan,white,boxer
A767605_4,George,Braker Lane And Metric Boulevard in Austin (TX),Stray,Normal,Dog,1.0,male,false,tan,white,false,boxer,03/04/2018,10:29:00,AM,Mar,Sun,Adoption,unknown,1.0,true,tan,white,boxer
A768726_1,Sky,Austin (TX),Public Assist,Normal,Dog,1.0,female,false,brown,white,true,siberian husky,03/24/2018,02:15:00,AM,Mar,Sat,Return to Owner,unknown,1.0,false,brown,white,siberian husky
A769060_1,unknown,1208 Coaches Crossing in Pflugerville (TX),Stray,Normal,Cat,0.038356163,Unknown,Unknown,tortie,unknown,true,domestic shorthair,03/29/2018,04:23:00,AM,Mar,Thu,Transfer,Partner,0.038356163,Unknown,tortie,unknown,domestic shorthair
A769090_1,*Jolie,6501 South Congress Avenue in Austin (TX),Stray,Normal,Cat,1.0,female,false,brown,white,true,domestic shorthair,03/30/2018,11:47:00,AM,Mar,Fri,Adoption,Foster,1.0,true,brown,white,domestic shorthair
A769190_1,unknown,Mustang Ridge (TX),Owner Surrender,Sick,Dog,0.038356163,female,false,black,unknown,true,boxer,04/01/2018,08:54:00,AM,Apr,Sun,Transfer,Partner,0.038356163,false,black,unknown,boxer
A769234_1,unknown,7308 Inspiration Drive in Austin (TX),Wildlife,Injured,Other,2.0,Unknown,Unknown,gray,black,true,raccoon,04/02/2018,09:25:00,AM,Apr,Mon,Euthanasia,Suffering,2.0,Unknown,gray,black,raccoon
A769410_1,unknown,Feathercrest Drive And Single Trace in Austin (TX),Stray,Normal,Dog,3.0,female,false,tan,white,true,chihuahua shorthair,04/14/2018,04:56:00,AM,Apr,Sat,Adoption,unknown,3.0,true,tan,white,chihuahua shorthair
A770357_1,unknown,0239 Bitting School Road in Travis (TX),Stray,Normal,Dog,1.0,male,false,white,unknown,true,maltese,04/18/2018,05:06:00,AM,Apr,Wed,Transfer,Partner,1.0,true,white,unknown,maltese
A770835_1,*Rooster,Strickland Drive And Palace Parkway in Austin (TX),Stray,Normal,Dog,2.0,male,true,black,white,true,irish wolfhound,10/29/2018,05:37:00,AM,Oct,Mon,Transfer,Partner,2.0,true,black,white,irish wolfhound
A770835_2,*Rooster,8201 Tuscany Way in Austin (TX),Stray,Normal,Dog,2.0,male,true,black,white,true,irish wolfhound,04/26/2018,11:16:00,AM,Apr,Thu,Adoption,unknown,2.0,true,black,white,irish wolfhound
A770926_1,*Vern,5905 Williamson Road in Creedmoor (TX),Stray,Normal,Cat,0.057534248,female,false,brown,tabby,true,domestic shorthair,04/27/2018,12:03:00,PM,Apr,Fri,Adoption,Foster,0.41666666,true,brown,tabby,domestic shorthair
A771343_1,unknown,51St Street And Duval Street in Austin (TX),Stray,Normal,Dog,0.076712325,male,false,tan,white,true,beagle,05/03/2018,03:51:00,AM,May,Thu,Transfer,Partner,0.076712325,false,tan,white,beagle
A771606_1,unknown,2200 Willow Creek Drive in Austin (TX),Stray,Normal,Cat,0.019178081,female,false,tortie,unknown,true,domestic shorthair,05/07/2018,02:14:00,AM,May,Mon,Adoption,Foster,0.25,true,tortie,unknown,domestic shorthair
A771859_1,Jd,11320 Hillhaven Dr in Austin (TX),Stray,Normal,Dog,2.0,Unknown,Unknown,brown,white,true,pit bull,05/11/2018,08:43:00,AM,May,Fri,Return to Owner,unknown,2.0,Unknown,brown,white,pit bull
A772692_1,Emily,Lawrence Street And East Riverside Drive in Austin (TX),Stray,Normal,Dog,2.0,female,false,fawn,unknown,true,german shepherd,05/22/2018,04:09:00,AM,May,Tue,Adoption,unknown,2.0,false,fawn,unknown,german shepherd
A772730_1,*Dos,8504 Linden Loop in Austin (TX),Stray,Normal,Dog,0.083333336,female,false,black,white,true,pit bull,05/22/2018,07:01:00,AM,May,Tue,Transfer,Partner,0.083333336,false,black,white,pit bull
A772948_1,*Joey,Austin (TX),Owner Surrender,Normal,Dog,1.0,male,true,brown,white,true,boxer,06/08/2018,04:58:00,AM,Jun,Fri,Adoption,unknown,1.0,true,brown,white,boxer
A772948_2,*Joey,Bolm Road in Austin (TX),Stray,Normal,Dog,1.0,male,false,brown,white,true,boxer,05/25/2018,12:03:00,PM,May,Fri,Adoption,unknown,1.0,true,brown,white,boxer
A773032_1,unknown,8101 San Felipe in Austin (TX),Stray,Normal,Bird,1.0,Unknown,Unknown,white,unknown,true,parakeet,05/26/2018,02:28:00,AM,May,Sat,Adoption,unknown,1.0,Unknown,white,unknown,parakeet
A773072_1,*Bobbie,7011 Hillcroft Drive in Austin (TX),Stray,Normal,Cat,0.057534248,male,false,black,white,true,domestic shorthair,05/27/2018,12:29:00,PM,May,Sun,Adoption,Foster,0.16666667,true,black,white,domestic shorthair
A773182_1,unknown,Gilbert Road in Travis (TX),Stray,Injured,Cat,0.083333336,male,false,brown,tabby,true,domestic shorthair,05/29/2018,09:06:00,AM,May,Tue,Transfer,Partner,0.083333336,false,brown,tabby,domestic shorthair
A773885_1,unknown,1156 W Cesar Chavez in Austin (TX),Stray,Normal,Dog,0.083333336,female,false,black,brown,true,labrador retriever,06/07/2018,10:47:00,AM,Jun,Thu,Adoption,unknown,0.083333336,true,black,brown,labrador retriever
A773996_1,unknown,7008 Circle S Road in Austin (TX),Wildlife,Normal,Other,1.0,Unknown,Unknown,black,gray,false,raccoon,06/08/2018,04:16:00,AM,Jun,Fri,Euthanasia,Rabies Risk,1.0,Unknown,black,gray,raccoon
A774473_1,unknown,1908 Albury Cv in Austin (TX),Stray,Injured,Cat,2.0,male,false,orange,tabby,true,domestic shorthair,06/16/2018,09:23:00,AM,Jun,Sat,Transfer,Partner,2.0,false,orange,tabby,domestic shorthair
A774579_1,Sadie,Copper Creek Drive in Austin (TX),Stray,Normal,Dog,0.083333336,female,false,black,white,true,american bulldog,06/17/2018,03:55:00,AM,Jun,Sun,Adoption,unknown,0.16666667,false,black,white,american bulldog
A775240_1,*Twill,15920 Stewart Road in Austin (TX),Stray,Normal,Cat,0.057534248,male,false,black,white,true,domestic shorthair,06/26/2018,06:19:00,AM,Jun,Tue,Adoption,unknown,0.16666667,true,black,white,domestic shorthair
A775421_1,Oreo,9318 N Ih 35 Hwy in Austin (TX),Stray,Normal,Dog,1.0,male,false,black,white,true,pit bull,06/29/2018,04:17:00,AM,Jun,Fri,Transfer,Partner,1.0,true,black,white,pit bull
A775896_1,Beast,Manda Road in Travis (TX),Stray,Normal,Dog,1.0,male,false,white,brown,true,pit bull,07/06/2018,11:42:00,AM,Jul,Fri,Return to Owner,unknown,1.0,false,white,brown,pit bull
A776836_1,unknown,20500 Quiet Oaks Lane in Manor (TX),Stray,Normal,Cat,0.33333334,male,false,gray,tabby,true,domestic shorthair,07/19/2018,05:46:00,AM,Jul,Thu,Transfer,Snr,0.33333334,false,gray,tabby,domestic shorthair
A777194_1,Thunder,Grove Boulevard And East Riverside Drive in Austin (TX),Stray,Normal,Dog,0.5833333,male,false,white,brown,true,st. bernard rough coat,12/08/2018,04:30:00,AM,Dec,Sat,Adoption,unknown,0.5833333,false,white,brown,st. bernard rough coat
A777321_1,Lucky Charm,2250 Ridge Point Drive in Austin (TX),Stray,Normal,Cat,0.083333336,male,false,orange,tabby,true,domestic shorthair,07/26/2018,05:28:00,AM,Jul,Thu,Adoption,unknown,0.16666667,true,orange,tabby,domestic shorthair
A779024_1,*Willow,7259 Wardman Drive in Travis (TX),Stray,Normal,Cat,0.076712325,male,false,black,unknown,true,domestic shorthair,08/24/2018,01:08:00,AM,Aug,Fri,Adoption,Foster,0.41666666,true,black,unknown,domestic shorthair
A779280_1,unknown,2223 Waterloo City Lane in Austin (TX),Stray,Normal,Cat,0.019178081,male,false,orange,tabby,true,domestic shorthair,08/29/2018,12:17:00,PM,Aug,Wed,Transfer,Partner,0.019178081,false,orange,tabby,domestic shorthair
A779412_1,*Blossom,1054 Springdale Road in Austin (TX),Stray,Normal,Cat,0.083333336,male,false,blue,tabby,true,domestic shorthair,08/31/2018,02:01:00,AM,Aug,Fri,Adoption,unknown,0.16666667,true,blue,tabby,domestic shorthair
A779513_1,unknown,1021 W. William Cannon in Austin (TX),Stray,Nursing,Cat,0.005479452,male,false,black,white,true,domestic shorthair,09/02/2018,10:40:00,AM,Sep,Sun,Transfer,Partner,0.005479452,false,black,white,domestic shorthair
A779922_1,Rocky,14206 Rosseau Drive in Travis (TX),Stray,Normal,Dog,8.0,male,false,white,brown,true,pit bull,09/06/2018,05:39:00,AM,Sep,Thu,Adoption,Foster,8.0,true,white,brown,pit bull
A781061_1,unknown,Austin (TX),Owner Surrender,Normal,Dog,0.16666667,male,true,chocolate,white,true,pit bull,10/27/2018,12:13:00,PM,Oct,Sat,Adoption,unknown,0.16666667,true,chocolate,white,pit bull
A781061_2,unknown,Pleasant Valley And William Cannon in Austin (TX),Stray,Normal,Dog,0.083333336,male,false,chocolate,white,true,pit bull,09/24/2018,11:17:00,AM,Sep,Mon,Adoption,unknown,0.083333336,true,chocolate,white,pit bull
A781326_1,unknown,South First Street And West Mary Street in Austin (TX),Stray,Normal,Dog,0.16666667,male,false,tan,white,true,pit bull,09/27/2018,01:14:00,AM,Sep,Thu,Adoption,unknown,0.16666667,true,tan,white,pit bull
A781430_1,*Scout,Outside Jurisdiction,Owner Surrender,Sick,Dog,0.5,male,false,black,white,true,collie smooth,10/24/2018,11:32:00,AM,Oct,Wed,Transfer,Partner,0.5,false,black,white,collie smooth
A781430_2,*Scout,12138 North Lamar Boulevard in Austin (TX),Stray,Normal,Dog,0.5,male,false,black,white,true,collie smooth,09/29/2018,12:33:00,PM,Sep,Sat,Adoption,unknown,0.5,false,black,white,collie smooth
A781529_1,*Candy,12346 Little Emily Way in Austin (TX),Stray,Normal,Cat,0.076712325,female,false,brown,tabby,true,domestic shorthair,10/01/2018,11:03:00,AM,Oct,Mon,Adoption,unknown,0.25,true,brown,tabby,domestic shorthair
A781964_1,unknown,6016 Baldwin Drive in Austin (TX),Stray,Normal,Cat,0.076712325,female,false,blue,tabby,true,domestic shorthair,10/08/2018,04:38:00,AM,Oct,Mon,Euthanasia,Suffering,0.076712325,false,blue,tabby,domestic shorthair
A781977_1,Moose,Terravista Drive in Austin (TX),Stray,Normal,Dog,11.0,male,true,brown,white,true,english springer spaniel,10/08/2018,06:44:00,AM,Oct,Mon,Return to Owner,unknown,11.0,true,brown,white,english springer spaniel
A783847_1,unknown,1312 Airport Boulevard in Austin (TX),Stray,Normal,Cat,0.076712325,male,false,white,blue,true,domestic medium hair,11/07/2018,01:55:00,AM,Nov,Wed,Transfer,Partner,0.076712325,false,white,blue,domestic medium hair
A783955_1,unknown,Wichersham Lane And Riverside Drive in Austin (TX),Stray,Normal,Dog,1.0,male,false,white,black,true,shih tzu,11/09/2018,12:35:00,PM,Nov,Fri,Transfer,Partner,1.0,false,white,black,shih tzu
A784760_1,Gunther,6801 Northeast Drive in Austin (TX),Stray,Normal,Dog,2.0,male,true,cream,unknown,true,cairn terrier,11/19/2018,06:41:00,AM,Nov,Mon,Return to Owner,unknown,2.0,true,cream,unknown,cairn terrier
A785251_1,unknown,10808 Desert Willow Loop in Austin (TX),Stray,Normal,Cat,0.25,male,false,black,unknown,true,domestic shorthair,11/29/2018,01:04:00,AM,Nov,Thu,Adoption,unknown,0.33333334,true,black,unknown,domestic shorthair
A785434_1,Moxie,7201 Levander Loop in Austin (TX),Stray,Normal,Dog,2.0,female,false,tricolor,unknown,true,japanese chin,12/03/2018,11:38:00,AM,Dec,Mon,Transfer,Partner,2.0,false,tricolor,unknown,japanese chin
A785606_1,Ice,Del Valle (TX),Owner Surrender,Normal,Dog,2.0,male,true,white,unknown,true,siberian husky,12/12/2018,11:13:00,AM,Dec,Wed,Adoption,unknown,2.0,true,white,unknown,siberian husky
A785606_2,Ice,8423 Elroy Road in Del Valle (TX),Stray,Normal,Dog,2.0,male,false,white,unknown,true,siberian husky,12/05/2018,06:58:00,AM,Dec,Wed,Adoption,unknown,2.0,true,white,unknown,siberian husky
A785606_3,Ice,7501 Bluff Springs in Austin (TX),Stray,Normal,Dog,2.0,male,true,white,unknown,true,siberian husky,02/02/2019,04:46:00,AM,Feb,Sat,Rto-Adopt,unknown,2.0,true,white,unknown,siberian husky
A785849_1,unknown,5800 Brodie Lane in Austin (TX),Stray,Normal,Cat,1.0,female,true,torbie,unknown,true,domestic shorthair,12/11/2018,11:30:00,AM,Dec,Tue,Transfer,Snr,1.0,true,torbie,unknown,domestic shorthair
A786061_1,Anna,Austin (TX),Owner Surrender,Normal,Cat,0.083333336,female,false,tortie,unknown,true,domestic medium hair,12/15/2018,05:15:00,AM,Dec,Sat,Adoption,Foster,0.16666667,true,tortie,unknown,domestic medium hair
A786669_1,unknown,5507 2222 Road in Austin (TX),Wildlife,Sick,Other,2.0,Unknown,Unknown,gray,black,false,raccoon,12/29/2018,03:17:00,AM,Dec,Sat,Euthanasia,Medical,2.0,Unknown,gray,black,raccoon
A787037_1,unknown,2908 Montebello Court in Austin (TX),Stray,Normal,Cat,0.33333334,male,false,brown,tabby,true,domestic medium hair,01/06/2019,04:29:00,AM,Jan,Sun,Adoption,unknown,0.33333334,true,brown,tabby,domestic medium hair
A787230_1,unknown,7212 Marywood Circle in Austin (TX),Stray,Normal,Cat,2.0,female,false,blue,white,true,domestic shorthair,03/04/2019,01:14:00,AM,Mar,Mon,Transfer,Snr,2.0,false,blue,white,domestic shorthair
A787230_2,unknown,7212 Marywood Circle in Austin (TX),Stray,Normal,Cat,2.0,female,false,blue,white,true,domestic shorthair,01/09/2019,06:28:00,AM,Jan,Wed,Transfer,Snr,2.0,false,blue,white,domestic shorthair
A787274_1,Master Bruce,Austin (TX),Public Assist,Normal,Dog,1.0,male,true,black,white,false,great dane,01/11/2019,11:13:00,AM,Jan,Fri,Return to Owner,unknown,1.0,true,black,white,great dane
A787535_1,unknown,4734 Castleman Dr in Austin (TX),Stray,Injured,Cat,0.33333334,female,false,blue,white,true,domestic medium hair,01/15/2019,09:38:00,AM,Jan,Tue,Died,In Kennel,0.33333334,false,blue,white,domestic medium hair
A788241_1,unknown,12034 Research in Austin (TX),Wildlife,Sick,Other,0.5,Unknown,Unknown,red,unknown,false,bat,01/29/2019,08:12:00,AM,Jan,Tue,Euthanasia,Rabies Risk,0.5,Unknown,red,unknown,bat
A788359_1,*Allison,8636 Piney Creek Bend in Austin (TX),Stray,Normal,Dog,4.0,female,true,tan,black,true,german shepherd,02/01/2019,11:11:00,AM,Feb,Fri,Adoption,unknown,4.0,true,tan,black,german shepherd
A788724_1,unknown,9200 North Plaza in Austin (TX),Stray,Normal,Dog,0.16666667,female,false,white,brown,true,cairn terrier,02/07/2019,03:22:00,AM,Feb,Thu,Adoption,unknown,0.16666667,true,white,brown,cairn terrier
A789364_1,*Rosalee,4400 Franklin Park Dr in Austin (TX),Stray,Normal,Dog,1.0,female,false,black,brown,true,german shepherd,02/20/2019,12:53:00,PM,Feb,Wed,Adoption,unknown,1.0,true,black,brown,german shepherd
A789467_1,unknown,Blake Manor And Lockwood in Austin (TX),Stray,Injured,Dog,1.0,male,false,black,gray,true,yorkshire terrier,02/22/2019,08:32:00,AM,Feb,Fri,Adoption,unknown,1.0,true,black,gray,yorkshire terrier
A789637_1,unknown,1308 Southport Drive in Austin (TX),Stray,Injured,Bird,1.0,Unknown,Unknown,brown,black,true,chicken,02/25/2019,08:40:00,AM,Feb,Mon,Died,unknown,1.0,Unknown,brown,black,chicken
A790373_1,Chacha,Blue Valley And Mairo in Austin (TX),Stray,Normal,Dog,0.25,female,false,gray,white,false,siberian husky,03/09/2019,10:51:00,AM,Mar,Sat,Return to Owner,unknown,0.33333334,false,gray,white,siberian husky
A791284_1,Ponyo,Austin (TX),Owner Surrender,Normal,Dog,0.33333334,female,false,chocolate,white,true,labrador retriever,03/23/2019,05:42:00,AM,Mar,Sat,Transfer,Partner,0.33333334,false,chocolate,white,labrador retriever
A791342_1,Jimmy,Travis (TX),Public Assist,Normal,Dog,2.0,male,false,brown,black,true,german shepherd,03/26/2019,06:49:00,AM,Mar,Tue,Return to Owner,unknown,2.0,false,brown,black,german shepherd
A791481_1,unknown,14906 Zurick Drive in Travis (TX),Stray,Normal,Cat,0.038356163,male,false,black,tabby,true,domestic shorthair,03/26/2019,11:57:00,AM,Mar,Tue,Transfer,Partner,0.038356163,false,black,tabby,domestic shorthair
A792612_1,unknown,5315 Westminster Drive in Austin (TX),Stray,Normal,Cat,2.0,Unknown,Unknown,black,white,true,domestic shorthair,04/12/2019,04:08:00,AM,Apr,Fri,Transfer,Snr,2.0,Unknown,black,white,domestic shorthair
A792805_1,Kamila,Austin (TX),Public Assist,Normal,Dog,2.0,female,true,white,black,true,australian cattle dog,04/22/2019,11:48:00,AM,Apr,Mon,Return to Owner,unknown,2.0,true,white,black,australian cattle dog
A792878_1,unknown,11800 Stonehollow Drive in Austin (TX),Wildlife,Normal,Other,2.0,Unknown,Unknown,black,brown,true,bat,04/16/2019,03:54:00,AM,Apr,Tue,Euthanasia,Rabies Risk,2.0,Unknown,black,brown,bat
A792890_1,*Piglet,Congress And Wasson in Austin (TX),Stray,Normal,Other,0.019178081,Unknown,Unknown,brown,unknown,true,guinea pig,04/16/2019,06:00:00,AM,Apr,Tue,Transfer,Partner,0.038356163,Unknown,brown,unknown,guinea pig
A792892_1,*Pig Pen,Congress And Wasson in Austin (TX),Stray,Normal,Other,0.019178081,Unknown,Unknown,brown,white,true,guinea pig,04/16/2019,06:00:00,AM,Apr,Tue,Transfer,Partner,0.038356163,Unknown,brown,white,guinea pig
A793243_1,unknown,Austin (TX),Stray,Sick,Cat,0.076712325,Unknown,Unknown,blue,tabby,true,domestic shorthair,04/22/2019,11:19:00,AM,Apr,Mon,Euthanasia,Suffering,0.076712325,Unknown,blue,tabby,domestic shorthair
A793992_1,unknown,Manor (TX),Stray,Normal,Cat,0.057534248,male,false,blue,white,true,domestic shorthair,05/02/2019,02:29:00,AM,May,Thu,Transfer,Partner,0.057534248,false,blue,white,domestic shorthair
A794036_1,unknown,1203 Eleanor Street in Austin (TX),Stray,Normal,Cat,0.076712325,male,false,brown,white,true,domestic medium hair,05/03/2019,12:15:00,PM,May,Fri,Transfer,Partner,0.076712325,false,brown,white,domestic medium hair
A794610_1,unknown,1200 E Runburg in Austin (TX),Stray,Normal,Dog,0.16666667,female,false,white,white,true,german shepherd,05/10/2019,11:18:00,AM,May,Fri,Adoption,unknown,0.16666667,true,white,white,german shepherd
A794843_1,unknown,1301 Shoal Creek Boulevard in Austin (TX),Stray,Normal,Dog,0.16666667,female,false,black,unknown,false,miniature schnauzer,05/12/2019,04:44:00,AM,May,Sun,Transfer,Partner,0.16666667,true,black,unknown,miniature schnauzer
